Date,Price
30-Dec-16,2.498
29-Dec-16,2.479
28-Dec-16,2.495
27-Dec-16,2.508
26-Dec-16,2.454
23-Dec-16,2.473
22-Dec-16,2.494
21-Dec-16,2.491
20-Dec-16,2.499
19-Dec-16,2.497
16-Dec-16,2.561
15-Dec-16,2.596
14-Dec-16,2.6
13-Dec-16,2.593
12-Dec-16,2.613
9-Dec-16,2.642
8-Dec-16,2.62
7-Dec-16,2.637
6-Dec-16,2.672
5-Dec-16,2.689
2-Dec-16,2.615
1-Dec-16,2.631
30-Nov-16,2.622
29-Nov-16,2.595
28-Nov-16,2.656
25-Nov-16,2.667
24-Nov-16,2.658
23-Nov-16,2.606
22-Nov-16,2.542
21-Nov-16,2.513
18-Nov-16,2.464
17-Nov-16,2.487
16-Nov-16,2.465
15-Nov-16,2.502
14-Nov-16,2.518
11-Nov-16,2.506
10-Nov-16,2.55
9-Nov-16,2.459
8-Nov-16,2.379
7-Nov-16,2.307
4-Nov-16,2.261
3-Nov-16,2.244
2-Nov-16,2.226
1-Nov-16,2.224
31-Oct-16,2.2
28-Oct-16,2.188
27-Oct-16,2.166
26-Oct-16,2.139
25-Oct-16,2.132
24-Oct-16,2.087
21-Oct-16,2.083
20-Oct-16,2.091
19-Oct-16,2.097
18-Oct-16,2.098
17-Oct-16,2.099
14-Oct-16,2.103
13-Oct-16,2.115
12-Oct-16,2.17
11-Oct-16,2.179
10-Oct-16,2.191
7-Oct-16,2.156
6-Oct-16,2.148
5-Oct-16,2.156
4-Oct-16,2.159
3-Oct-16,2.183
30-Sep-16,2.202
29-Sep-16,2.181
28-Sep-16,2.179
27-Sep-16,2.162
26-Sep-16,2.19
23-Sep-16,2.192
22-Sep-16,2.188
21-Sep-16,2.145
20-Sep-16,2.155
19-Sep-16,2.149
16-Sep-16,2.151
15-Sep-16,2.152
14-Sep-16,2.148
13-Sep-16,2.095
12-Sep-16,2.096
9-Sep-16,2.088
8-Sep-16,2.096
7-Sep-16,2.093
6-Sep-16,2.084
5-Sep-16,2.082
4-Sep-16,2.08
2-Sep-16,2.071
1-Sep-16,2.068
31-Aug-16,2.07
30-Aug-16,2.069
29-Aug-16,2.072
26-Aug-16,2.075
25-Aug-16,2.075
24-Aug-16,2.076
23-Aug-16,2.115
22-Aug-16,2.14
19-Aug-16,2.167
18-Aug-16,2.167
17-Aug-16,2.152
16-Aug-16,2.172
15-Aug-16,2.151
12-Aug-16,2.14
11-Aug-16,2.19
10-Aug-16,2.171
9-Aug-16,2.15
8-Aug-16,2.164
5-Aug-16,2.153
4-Aug-16,2.174
3-Aug-16,2.196
2-Aug-16,2.207
1-Aug-16,2.196
29-Jul-16,2.22
28-Jul-16,2.206
27-Jul-16,2.185
26-Jul-16,2.225
25-Jul-16,2.216
22-Jul-16,2.234
21-Jul-16,2.256
20-Jul-16,2.252
19-Jul-16,2.261
18-Jul-16,2.234
15-Jul-16,2.231
14-Jul-16,2.241
13-Jul-16,2.238
12-Jul-16,2.211
11-Jul-16,2.147
8-Jul-16,2.119
7-Jul-16,2.123
6-Jul-16,2.151
5-Jul-16,2.182
4-Jul-16,2.216
3-Jul-16,2.227
1-Jul-16,2.215
30-Jun-16,2.195
29-Jun-16,2.183
28-Jun-16,2.17
27-Jun-16,2.127
24-Jun-16,2.112
23-Jun-16,2.163
22-Jun-16,2.135
21-Jun-16,2.116
20-Jun-16,2.094
17-Jun-16,2.053
16-Jun-16,2.05
15-Jun-16,2.094
14-Jun-16,2.045
13-Jun-16,2.058
10-Jun-16,2.031
9-Jun-16,2.04
8-Jun-16,2.062
7-Jun-16,2.051
6-Jun-16,2.117
3-Jun-16,2.112
2-Jun-16,2.07
1-Jun-16,2.072
31-May-16,2.098
30-May-16,2.101
29-May-16,2.11
27-May-16,2.114
26-May-16,2.107
25-May-16,2.105
24-May-16,2.07
23-May-16,2.058
20-May-16,2.058
19-May-16,2.063
18-May-16,2.082
17-May-16,2.092
16-May-16,2.091
13-May-16,2.075
12-May-16,2.073
11-May-16,2.101
10-May-16,2.09
9-May-16,2.104
6-May-16,2.151
5-May-16,2.151
4-May-16,2.183
3-May-16,2.215
2-May-16,2.261
29-Apr-16,2.279
28-Apr-16,2.224
27-Apr-16,2.22
26-Apr-16,2.248
25-Apr-16,2.259
22-Apr-16,2.269
21-Apr-16,2.252
20-Apr-16,2.242
19-Apr-16,2.223
18-Apr-16,2.164
15-Apr-16,2.152
14-Apr-16,2.171
13-Apr-16,2.167
12-Apr-16,2.145
11-Apr-16,2.088
8-Apr-16,2.087
7-Apr-16,2.075
6-Apr-16,2.14
5-Apr-16,2.135
4-Apr-16,2.138
1-Apr-16,2.161
31-Mar-16,2.182
30-Mar-16,2.187
29-Mar-16,2.208
28-Mar-16,2.241
24-Mar-16,2.224
23-Mar-16,2.231
22-Mar-16,2.284
21-Mar-16,2.289
18-Mar-16,2.28
17-Mar-16,2.289
16-Mar-16,2.232
15-Mar-16,2.231
14-Mar-16,2.237
11-Mar-16,2.239
10-Mar-16,2.217
9-Mar-16,2.23
8-Mar-16,2.219
7-Mar-16,2.28
4-Mar-16,2.271
3-Mar-16,2.204
2-Mar-16,2.178
1-Mar-16,2.142
29-Feb-16,2.128
26-Feb-16,2.118
25-Feb-16,2.065
24-Feb-16,2.095
23-Feb-16,2.104
22-Feb-16,2.113
19-Feb-16,2.075
18-Feb-16,2.071
17-Feb-16,2.074
16-Feb-16,2.049
15-Feb-16,2.062
14-Feb-16,2.044
12-Feb-16,2.027
11-Feb-16,2.004
10-Feb-16,2.025
9-Feb-16,2.038
8-Feb-16,2.088
5-Feb-16,2.1
4-Feb-16,2.128
3-Feb-16,2.092
2-Feb-16,2.052
1-Feb-16,2.051
29-Jan-16,2.064
28-Jan-16,2.049
27-Jan-16,2.063
26-Jan-16,2.034
25-Jan-16,1.996
22-Jan-16,1.998
21-Jan-16,1.993
20-Jan-16,1.956
19-Jan-16,1.974
18-Jan-16,1.964
17-Jan-16,1.941
15-Jan-16,1.94
14-Jan-16,1.971
13-Jan-16,1.95
12-Jan-16,1.953
11-Jan-16,1.968
8-Jan-16,2.017
7-Jan-16,2.015
6-Jan-16,2.08
5-Jan-16,2.088
4-Jan-16,2.071
31-Dec-15,2.126
30-Dec-15,2.137
29-Dec-15,2.125
28-Dec-15,2.067
24-Dec-15,2.111
23-Dec-15,2.111
22-Dec-15,2.097
21-Dec-15,2.129
18-Dec-15,2.103
17-Dec-15,2.034
16-Dec-15,2.061
15-Dec-15,2.051
14-Dec-15,2.104
11-Dec-15,2.108
10-Dec-15,2.065
9-Dec-15,2.06
8-Dec-15,2.048
7-Dec-15,2.045
4-Dec-15,2.074
3-Dec-15,2.056
2-Dec-15,2.029
1-Dec-15,2.067
30-Nov-15,2.045
27-Nov-15,2.05
26-Nov-15,2.086
25-Nov-15,2.045
24-Nov-15,2.054
23-Nov-15,2.019
20-Nov-15,2.054
19-Nov-15,2.076
18-Nov-15,2.078
17-Nov-15,2.106
16-Nov-15,2.118
13-Nov-15,2.17
12-Nov-15,2.173
11-Nov-15,2.216
10-Nov-15,2.216
9-Nov-15,2.23
6-Nov-15,2.241
5-Nov-15,2.253
4-Nov-15,2.32
3-Nov-15,2.327
2-Nov-15,2.316
30-Oct-15,2.313
29-Oct-15,2.316
28-Oct-15,2.354
27-Oct-15,2.358
26-Oct-15,2.357
23-Oct-15,2.35
22-Oct-15,2.385
21-Oct-15,2.364
20-Oct-15,2.369
19-Oct-15,2.372
16-Oct-15,2.407
15-Oct-15,2.426
14-Oct-15,2.42
13-Oct-15,2.392
12-Oct-15,2.42
9-Oct-15,2.417
8-Oct-15,2.347
7-Oct-15,2.372
6-Oct-15,2.359
5-Oct-15,2.36
2-Oct-15,2.329
1-Oct-15,2.308
30-Sep-15,2.345
29-Sep-15,2.253
28-Sep-15,2.256
25-Sep-15,2.292
24-Sep-15,2.312
23-Sep-15,2.305
22-Sep-15,2.307
21-Sep-15,2.398
18-Sep-15,2.397
17-Sep-15,2.462
16-Sep-15,2.462
15-Sep-15,2.436
14-Sep-15,2.414
11-Sep-15,2.462
10-Sep-15,2.454
9-Sep-15,2.442
8-Sep-15,2.438
7-Sep-15,2.345
6-Sep-15,2.32
4-Sep-15,2.32
3-Sep-15,2.39
2-Sep-15,2.333
1-Sep-15,2.303
31-Aug-15,2.338
28-Aug-15,2.346
27-Aug-15,2.334
26-Aug-15,2.251
25-Aug-15,2.323
24-Aug-15,2.269
21-Aug-15,2.307
20-Aug-15,2.323
19-Aug-15,2.283
18-Aug-15,2.297
17-Aug-15,2.333
14-Aug-15,2.364
13-Aug-15,2.365
12-Aug-15,2.361
11-Aug-15,2.341
10-Aug-15,2.408
7-Aug-15,2.341
6-Aug-15,2.348
5-Aug-15,2.353
4-Aug-15,2.365
3-Aug-15,2.348
31-Jul-15,2.368
30-Jul-15,2.381
29-Jul-15,2.408
28-Jul-15,2.403
27-Jul-15,2.35
24-Jul-15,2.381
23-Jul-15,2.385
22-Jul-15,2.432
21-Jul-15,2.478
20-Jul-15,2.484
17-Jul-15,2.505
16-Jul-15,2.531
15-Jul-15,2.53
14-Jul-15,2.545
13-Jul-15,2.555
10-Jul-15,2.546
9-Jul-15,2.558
8-Jul-15,2.504
7-Jul-15,2.451
6-Jul-15,2.543
3-Jul-15,2.618
2-Jul-15,2.635
1-Jul-15,2.635
30-Jun-15,2.623
29-Jun-15,2.639
26-Jun-15,2.645
25-Jun-15,2.646
24-Jun-15,2.647
23-Jun-15,2.634
22-Jun-15,2.588
19-Jun-15,2.592
18-Jun-15,2.628
17-Jun-15,2.623
16-Jun-15,2.627
15-Jun-15,2.659
12-Jun-15,2.7
11-Jun-15,2.693
10-Jun-15,2.772
9-Jun-15,2.74
8-Jun-15,2.716
5-Jun-15,2.722
4-Jun-15,2.716
3-Jun-15,2.751
2-Jun-15,2.758
1-Jun-15,2.741
29-May-15,2.76
28-May-15,2.793
27-May-15,2.816
26-May-15,2.853
25-May-15,2.822
24-May-15,2.799
22-May-15,2.833
21-May-15,2.871
20-May-15,2.852
19-May-15,2.861
18-May-15,2.93
15-May-15,2.949
14-May-15,2.946
13-May-15,2.95
12-May-15,2.95
11-May-15,2.917
8-May-15,2.931
7-May-15,2.926
6-May-15,2.933
5-May-15,2.94
4-May-15,2.924
1-May-15,2.932
30-Apr-15,2.886
29-Apr-15,2.795
28-Apr-15,2.78
27-Apr-15,2.774
24-Apr-15,2.752
23-Apr-15,2.698
22-Apr-15,2.67
21-Apr-15,2.705
20-Apr-15,2.736
17-Apr-15,2.784
16-Apr-15,2.785
15-Apr-15,2.729
14-Apr-15,2.72
13-Apr-15,2.737
10-Apr-15,2.751
9-Apr-15,2.745
8-Apr-15,2.748
7-Apr-15,2.777
6-Apr-15,2.732
3-Apr-15,2.748
2-Apr-15,2.748
1-Apr-15,2.756
31-Mar-15,2.747
30-Mar-15,2.788
27-Mar-15,2.775
26-Mar-15,2.821
25-Mar-15,2.805
24-Mar-15,2.815
23-Mar-15,2.808
20-Mar-15,2.775
19-Mar-15,2.675
18-Mar-15,2.587
17-Mar-15,2.642
16-Mar-15,2.678
13-Mar-15,2.679
12-Mar-15,2.675
11-Mar-15,2.623
10-Mar-15,2.635
9-Mar-15,2.687
6-Mar-15,2.629
5-Mar-15,2.672
4-Mar-15,2.677
3-Mar-15,2.674
2-Mar-15,2.711
27-Feb-15,2.716
26-Feb-15,2.714
25-Feb-15,2.708
24-Feb-15,2.712
23-Feb-15,2.639
20-Feb-15,2.611
19-Feb-15,2.642
18-Feb-15,2.639
17-Feb-15,2.595
16-Feb-15,2.608
15-Feb-15,2.606
13-Feb-15,2.614
12-Feb-15,2.609
11-Feb-15,2.553
10-Feb-15,2.562
9-Feb-15,2.599
6-Feb-15,2.603
5-Feb-15,2.612
4-Feb-15,2.612
3-Feb-15,2.6
2-Feb-15,2.511
30-Jan-15,2.528
29-Jan-15,2.47
28-Jan-15,2.522
27-Jan-15,2.514
26-Jan-15,2.574
23-Jan-15,2.538
22-Jan-15,2.6
21-Jan-15,2.615
20-Jan-15,2.615
19-Jan-15,2.573
18-Jan-15,2.618
16-Jan-15,2.654
15-Jan-15,2.611
14-Jan-15,2.553
13-Jan-15,2.679
12-Jan-15,2.763
9-Jan-15,2.791
8-Jan-15,2.807
7-Jan-15,2.796
6-Jan-15,2.804
5-Jan-15,2.793
2-Jan-15,2.838
1-Jan-15,2.826
31-Dec-14,2.838
30-Dec-14,2.869
29-Dec-14,2.838
26-Dec-14,2.836
25-Dec-14,2.851
24-Dec-14,2.874
23-Dec-14,2.902
22-Dec-14,2.904
19-Dec-14,2.908
18-Dec-14,2.873
17-Dec-14,2.888
16-Dec-14,2.877
15-Dec-14,2.898
12-Dec-14,2.946
11-Dec-14,2.941
10-Dec-14,2.914
9-Dec-14,2.946
8-Dec-14,2.91
5-Dec-14,2.925
4-Dec-14,2.933
3-Dec-14,2.893
2-Dec-14,2.913
1-Dec-14,2.93
28-Nov-14,2.86
27-Nov-14,2.951
26-Nov-14,2.96
25-Nov-14,2.961
24-Nov-14,3.004
21-Nov-14,3.035
20-Nov-14,3.027
19-Nov-14,3.047
18-Nov-14,3.011
17-Nov-14,3.05
14-Nov-14,3.058
13-Nov-14,2.999
12-Nov-14,3.034
11-Nov-14,3.042
10-Nov-14,3.027
7-Nov-14,3.053
6-Nov-14,3.03
5-Nov-14,3.022
4-Nov-14,3.034
3-Nov-14,3.079
31-Oct-14,3.061
30-Oct-14,3.072
29-Oct-14,3.112
28-Oct-14,3.108
27-Oct-14,3.078
24-Oct-14,3.051
23-Oct-14,3.05
22-Oct-14,3.022
21-Oct-14,3.031
20-Oct-14,2.99
17-Oct-14,3.001
16-Oct-14,2.978
15-Oct-14,3.005
14-Oct-14,3.085
13-Oct-14,3.037
10-Oct-14,3.032
9-Oct-14,3.028
8-Oct-14,3
7-Oct-14,3.034
6-Oct-14,3.03
3-Oct-14,2.994
2-Oct-14,2.997
1-Oct-14,3.034
30-Sep-14,3.006
29-Sep-14,3.053
26-Sep-14,3.029
25-Sep-14,3.06
24-Sep-14,3.059
23-Sep-14,3.034
22-Sep-14,3.038
19-Sep-14,3.088
18-Sep-14,3.092
17-Sep-14,3.142
16-Sep-14,3.16
15-Sep-14,3.081
12-Sep-14,3.102
11-Sep-14,3.087
10-Sep-14,3.104
9-Sep-14,3.095
8-Sep-14,3.158
5-Sep-14,3.158
4-Sep-14,3.139
3-Sep-14,3.111
2-Sep-14,3.135
1-Sep-14,3.149
31-Aug-14,3.16
29-Aug-14,3.135
28-Aug-14,3.127
27-Aug-14,3.175
26-Aug-14,3.182
25-Aug-14,3.213
22-Aug-14,3.199
21-Aug-14,3.172
20-Aug-14,3.174
19-Aug-14,3.086
18-Aug-14,3.103
15-Aug-14,3.097
14-Aug-14,3.086
13-Aug-14,3.106
12-Aug-14,3.149
11-Aug-14,3.167
8-Aug-14,3.166
7-Aug-14,3.171
6-Aug-14,3.163
5-Aug-14,3.199
4-Aug-14,3.236
1-Aug-14,3.207
31-Jul-14,3.223
30-Jul-14,3.232
29-Jul-14,3.209
28-Jul-14,3.231
25-Jul-14,3.227
24-Jul-14,3.254
23-Jul-14,3.195
22-Jul-14,3.196
21-Jul-14,3.187
18-Jul-14,3.174
17-Jul-14,3.209
16-Jul-14,3.205
15-Jul-14,3.239
14-Jul-14,3.239
11-Jul-14,3.259
10-Jul-14,3.256
9-Jul-14,3.236
8-Jul-14,3.243
7-Jul-14,3.248
4-Jul-14,3.27
3-Jul-14,3.265
2-Jul-14,3.252
1-Jul-14,3.191
30-Jun-14,3.188
27-Jun-14,3.149
26-Jun-14,3.161
25-Jun-14,3.16
24-Jun-14,3.147
23-Jun-14,3.146
20-Jun-14,3.118
19-Jun-14,3.075
18-Jun-14,3.055
17-Jun-14,3.058
16-Jun-14,3.047
13-Jun-14,3.03
12-Jun-14,3.017
11-Jun-14,3.042
10-Jun-14,3.055
9-Jun-14,3.046
6-Jun-14,3.053
5-Jun-14,3.091
4-Jun-14,3.094
3-Jun-14,3.146
2-Jun-14,3.179
30-May-14,3.136
29-May-14,3.154
28-May-14,3.188
27-May-14,3.193
26-May-14,3.19
25-May-14,3.168
23-May-14,3.18
22-May-14,3.152
21-May-14,3.131
20-May-14,3.156
19-May-14,3.179
16-May-14,3.161
15-May-14,3.162
14-May-14,3.174
13-May-14,3.15
12-May-14,3.167
9-May-14,3.1
8-May-14,3.083
7-May-14,3.05
6-May-14,3.075
5-May-14,3.071
2-May-14,3.082
1-May-14,3.029
30-Apr-14,3.03
29-Apr-14,3.072
28-Apr-14,3.108
25-Apr-14,3.127
24-Apr-14,3.136
23-Apr-14,3.082
22-Apr-14,3.079
21-Apr-14,3.068
17-Apr-14,3.07
16-Apr-14,3.05
15-Apr-14,3.017
14-Apr-14,3.067
11-Apr-14,3.066
10-Apr-14,3.068
9-Apr-14,3.066
8-Apr-14,3.076
7-Apr-14,3.063
4-Apr-14,3.043
3-Apr-14,3.047
2-Apr-14,3.065
1-Apr-14,3.055
31-Mar-14,3.046
28-Mar-14,3.059
27-Mar-14,3.037
26-Mar-14,3.01
25-Mar-14,3.046
24-Mar-14,2.99
21-Mar-14,2.994
20-Mar-14,2.976
19-Mar-14,3.028
18-Mar-14,2.994
17-Mar-14,3.002
14-Mar-14,3.013
13-Mar-14,2.99
12-Mar-14,3.026
11-Mar-14,3.031
10-Mar-14,3.111
7-Mar-14,3.156
6-Mar-14,3.276
5-Mar-14,3.253
4-Mar-14,3.261
3-Mar-14,3.22
28-Feb-14,3.239
27-Feb-14,3.236
26-Feb-14,3.269
25-Feb-14,3.338
24-Feb-14,3.359
21-Feb-14,3.336
20-Feb-14,3.324
19-Feb-14,3.336
18-Feb-14,3.341
17-Feb-14,3.281
16-Feb-14,3.296
14-Feb-14,3.321
13-Feb-14,3.307
12-Feb-14,3.316
11-Feb-14,3.27
10-Feb-14,3.272
7-Feb-14,3.271
6-Feb-14,3.259
5-Feb-14,3.215
4-Feb-14,3.217
3-Feb-14,3.2
31-Jan-14,3.22
30-Jan-14,3.238
29-Jan-14,3.268
28-Jan-14,3.285
27-Jan-14,3.294
24-Jan-14,3.304
23-Jan-14,3.322
22-Jan-14,3.375
21-Jan-14,3.392
20-Jan-14,3.339
19-Jan-14,3.346
17-Jan-14,3.378
16-Jan-14,3.391
15-Jan-14,3.406
14-Jan-14,3.388
13-Jan-14,3.4
10-Jan-14,3.387
9-Jan-14,3.354
8-Jan-14,3.393
7-Jan-14,3.411
6-Jan-14,3.412
3-Jan-14,3.406
2-Jan-14,3.432
1-Jan-14,3.398
31-Dec-13,3.442
30-Dec-13,3.421
27-Dec-13,3.47
26-Dec-13,3.45
24-Dec-13,3.417
23-Dec-13,3.35
20-Dec-13,3.348
19-Dec-13,3.341
18-Dec-13,3.361
17-Dec-13,3.367
16-Dec-13,3.376
13-Dec-13,3.352
12-Dec-13,3.332
11-Dec-13,3.332
10-Dec-13,3.301
9-Dec-13,3.296
6-Dec-13,3.269
5-Dec-13,3.261
4-Dec-13,3.272
3-Dec-13,3.201
2-Dec-13,3.217
29-Nov-13,3.231
28-Nov-13,3.2
27-Nov-13,3.2
26-Nov-13,3.229
25-Nov-13,3.239
22-Nov-13,3.227
21-Nov-13,3.197
20-Nov-13,3.162
19-Nov-13,3.162
18-Nov-13,3.154
15-Nov-13,3.173
14-Nov-13,3.161
13-Nov-13,3.164
12-Nov-13,3.236
11-Nov-13,3.262
8-Nov-13,3.253
7-Nov-13,3.249
6-Nov-13,3.235
5-Nov-13,3.252
4-Nov-13,3.248
1-Nov-13,3.293
31-Oct-13,3.295
30-Oct-13,3.321
29-Oct-13,3.276
28-Oct-13,3.261
25-Oct-13,3.265
24-Oct-13,3.261
23-Oct-13,3.267
22-Oct-13,3.329
21-Oct-13,3.296
18-Oct-13,3.293
17-Oct-13,3.289
16-Oct-13,3.3
15-Oct-13,3.304
14-Oct-13,3.3
11-Oct-13,3.265
10-Oct-13,3.241
9-Oct-13,3.221
8-Oct-13,3.282
7-Oct-13,3.289
4-Oct-13,3.293
3-Oct-13,3.262
2-Oct-13,3.312
1-Oct-13,3.272
30-Sep-13,3.321
27-Sep-13,3.325
26-Sep-13,3.304
25-Sep-13,3.28
24-Sep-13,3.265
23-Sep-13,3.308
20-Sep-13,3.328
19-Sep-13,3.35
18-Sep-13,3.284
17-Sep-13,3.228
16-Sep-13,3.227
13-Sep-13,3.207
12-Sep-13,3.212
11-Sep-13,3.256
10-Sep-13,3.261
9-Sep-13,3.276
6-Sep-13,3.258
5-Sep-13,3.241
4-Sep-13,3.236
3-Sep-13,3.296
2-Sep-13,3.308
1-Sep-13,3.252
30-Aug-13,3.225
29-Aug-13,3.244
28-Aug-13,3.307
27-Aug-13,3.333
26-Aug-13,3.322
23-Aug-13,3.352
22-Aug-13,3.333
21-Aug-13,3.312
20-Aug-13,3.34
19-Aug-13,3.337
16-Aug-13,3.365
15-Aug-13,3.338
14-Aug-13,3.341
13-Aug-13,3.318
12-Aug-13,3.307
9-Aug-13,3.308
8-Aug-13,3.271
7-Aug-13,3.178
6-Aug-13,3.172
5-Aug-13,3.167
2-Aug-13,3.17
1-Aug-13,3.164
31-Jul-13,3.119
30-Jul-13,3.041
29-Jul-13,3.116
26-Jul-13,3.109
25-Jul-13,3.188
24-Jul-13,3.182
23-Jul-13,3.198
22-Jul-13,3.189
19-Jul-13,3.15
18-Jul-13,3.143
17-Jul-13,3.14
16-Jul-13,3.2
15-Jul-13,3.161
12-Jul-13,3.171
11-Jul-13,3.183
10-Jul-13,3.101
9-Jul-13,3.076
8-Jul-13,3.111
5-Jul-13,3.08
4-Jul-13,3.147
3-Jul-13,3.174
2-Jul-13,3.142
1-Jul-13,3.155
28-Jun-13,3.05
27-Jun-13,3.053
26-Jun-13,3.041
25-Jun-13,3.071
24-Jun-13,3.026
21-Jun-13,3.096
20-Jun-13,3.062
19-Jun-13,3.143
18-Jun-13,3.157
17-Jun-13,3.202
14-Jun-13,3.204
13-Jun-13,3.185
12-Jun-13,3.225
11-Jun-13,3.193
10-Jun-13,3.239
7-Jun-13,3.266
6-Jun-13,3.316
5-Jun-13,3.367
4-Jun-13,3.365
3-Jun-13,3.327
31-May-13,3.289
30-May-13,3.311
29-May-13,3.291
28-May-13,3.312
27-May-13,3.306
26-May-13,3.304
24-May-13,3.292
23-May-13,3.3
22-May-13,3.377
21-May-13,3.339
20-May-13,3.357
17-May-13,3.321
16-May-13,3.292
15-May-13,3.267
14-May-13,3.291
13-May-13,3.362
10-May-13,3.356
9-May-13,3.341
8-May-13,3.371
7-May-13,3.3
6-May-13,3.31
3-May-13,3.313
2-May-13,3.104
1-May-13,3.083
30-Apr-13,3.188
29-Apr-13,3.225
26-Apr-13,3.185
25-Apr-13,3.238
24-Apr-13,3.158
23-Apr-13,3.094
22-Apr-13,3.132
19-Apr-13,3.151
18-Apr-13,3.204
17-Apr-13,3.188
16-Apr-13,3.307
15-Apr-13,3.28
12-Apr-13,3.349
11-Apr-13,3.428
10-Apr-13,3.414
9-Apr-13,3.438
8-Apr-13,3.368
5-Apr-13,3.34
4-Apr-13,3.345
3-Apr-13,3.325
2-Apr-13,3.372
1-Apr-13,3.368
28-Mar-13,3.395
27-Mar-13,3.435
26-Mar-13,3.433
25-Mar-13,3.435
22-Mar-13,3.454
21-Mar-13,3.423
20-Mar-13,3.436
19-Mar-13,3.396
18-Mar-13,3.417
15-Mar-13,3.508
14-Mar-13,3.523
13-Mar-13,3.51
12-Mar-13,3.538
11-Mar-13,3.5
8-Mar-13,3.491
7-Mar-13,3.502
6-Mar-13,3.474
5-Mar-13,3.497
4-Mar-13,3.483
1-Mar-13,3.482
28-Feb-13,3.527
27-Feb-13,3.545
26-Feb-13,3.567
25-Feb-13,3.541
22-Feb-13,3.53
21-Feb-13,3.55
20-Feb-13,3.606
19-Feb-13,3.644
18-Feb-13,3.691
17-Feb-13,3.744
15-Feb-13,3.731
14-Feb-13,3.73
13-Feb-13,3.734
12-Feb-13,3.736
11-Feb-13,3.718
8-Feb-13,3.753
7-Feb-13,3.72
6-Feb-13,3.733
5-Feb-13,3.761
4-Feb-13,3.759
1-Feb-13,3.776
31-Jan-13,3.724
30-Jan-13,3.74
29-Jan-13,3.678
28-Jan-13,3.649
25-Jan-13,3.639
24-Jan-13,3.664
23-Jan-13,3.671
22-Jan-13,3.691
21-Jan-13,3.67
20-Jan-13,3.682
18-Jan-13,3.663
17-Jan-13,3.647
16-Jan-13,3.591
15-Jan-13,3.623
14-Jan-13,3.619
11-Jan-13,3.639
10-Jan-13,3.695
9-Jan-13,3.656
8-Jan-13,3.657
7-Jan-13,3.663
4-Jan-13,3.679
3-Jan-13,3.701
2-Jan-13,3.724
1-Jan-13,3.651
31-Dec-12,3.641
28-Dec-12,3.578
27-Dec-12,3.59
26-Dec-12,3.583
25-Dec-12,3.563
24-Dec-12,3.534
21-Dec-12,3.555
20-Dec-12,3.525
19-Dec-12,3.595
18-Dec-12,3.636
17-Dec-12,3.649
14-Dec-12,3.665
13-Dec-12,3.644
12-Dec-12,3.7
11-Dec-12,3.671
10-Dec-12,3.691
7-Dec-12,3.647
6-Dec-12,3.627
5-Dec-12,3.667
4-Dec-12,3.634
3-Dec-12,3.64
30-Nov-12,3.63
29-Nov-12,3.588
28-Nov-12,3.522
27-Nov-12,3.537
26-Nov-12,3.536
23-Nov-12,3.527
22-Nov-12,3.502
21-Nov-12,3.496
20-Nov-12,3.515
19-Nov-12,3.527
16-Nov-12,3.454
15-Nov-12,3.465
14-Nov-12,3.455
13-Nov-12,3.473
12-Nov-12,3.473
9-Nov-12,3.45
8-Nov-12,3.47
7-Nov-12,3.443
6-Nov-12,3.506
5-Nov-12,3.47
2-Nov-12,3.483
1-Nov-12,3.555
31-Oct-12,3.527
30-Oct-12,3.506
29-Oct-12,3.5
26-Oct-12,3.563
25-Oct-12,3.564
24-Oct-12,3.576
23-Oct-12,3.576
22-Oct-12,3.626
19-Oct-12,3.648
18-Oct-12,3.747
17-Oct-12,3.752
16-Oct-12,3.708
15-Oct-12,3.712
12-Oct-12,3.715
11-Oct-12,3.759
10-Oct-12,3.729
9-Oct-12,3.729
8-Oct-12,3.727
5-Oct-12,3.786
4-Oct-12,3.794
3-Oct-12,3.794
2-Oct-12,3.807
1-Oct-12,3.793
28-Sep-12,3.773
27-Sep-12,3.748
26-Sep-12,3.714
25-Sep-12,3.773
24-Sep-12,3.745
21-Sep-12,3.804
20-Sep-12,3.772
19-Sep-12,3.829
18-Sep-12,3.803
17-Sep-12,3.81
14-Sep-12,3.852
13-Sep-12,3.727
12-Sep-12,3.71
11-Sep-12,3.715
10-Sep-12,3.7
7-Sep-12,3.656
6-Sep-12,3.523
5-Sep-12,3.532
4-Sep-12,3.469
3-Sep-12,3.485
2-Sep-12,3.455
31-Aug-12,3.454
30-Aug-12,3.441
29-Aug-12,3.462
28-Aug-12,3.47
27-Aug-12,3.485
24-Aug-12,3.488
23-Aug-12,3.496
22-Aug-12,3.46
21-Aug-12,3.457
20-Aug-12,3.373
17-Aug-12,3.422
16-Aug-12,3.386
15-Aug-12,3.352
14-Aug-12,3.36
13-Aug-12,3.358
10-Aug-12,3.409
9-Aug-12,3.437
8-Aug-12,3.428
7-Aug-12,3.445
6-Aug-12,3.393
3-Aug-12,3.371
2-Aug-12,3.292
1-Aug-12,3.377
31-Jul-12,3.42
30-Jul-12,3.415
27-Jul-12,3.426
26-Jul-12,3.394
25-Jul-12,3.375
24-Jul-12,3.353
23-Jul-12,3.381
20-Jul-12,3.449
19-Jul-12,3.534
18-Jul-12,3.473
17-Jul-12,3.453
16-Jul-12,3.481
13-Jul-12,3.501
12-Jul-12,3.412
11-Jul-12,3.443
10-Jul-12,3.393
9-Jul-12,3.426
6-Jul-12,3.405
5-Jul-12,3.488
4-Jul-12,3.5
3-Jul-12,3.534
2-Jul-12,3.465
29-Jun-12,3.49
28-Jun-12,3.326
27-Jun-12,3.346
26-Jun-12,3.316
25-Jun-12,3.314
22-Jun-12,3.305
21-Jun-12,3.295
20-Jun-12,3.386
19-Jun-12,3.433
18-Jun-12,3.396
15-Jun-12,3.385
14-Jun-12,3.354
13-Jun-12,3.34
12-Jun-12,3.334
11-Jun-12,3.345
8-Jun-12,3.284
7-Jun-12,3.369
6-Jun-12,3.379
5-Jun-12,3.288
4-Jun-12,3.304
1-Jun-12,3.31
31-May-12,3.362
30-May-12,3.386
29-May-12,3.463
28-May-12,3.473
27-May-12,3.46
25-May-12,3.448
24-May-12,3.429
23-May-12,3.398
22-May-12,3.487
21-May-12,3.504
18-May-12,3.47
17-May-12,3.479
16-May-12,3.485
15-May-12,3.522
14-May-12,3.557
11-May-12,3.648
10-May-12,3.692
9-May-12,3.67
8-May-12,3.686
7-May-12,3.777
4-May-12,3.724
3-May-12,3.733
2-May-12,3.785
1-May-12,3.84
30-Apr-12,3.833
27-Apr-12,3.82
26-Apr-12,3.768
25-Apr-12,3.7
24-Apr-12,3.671
23-Apr-12,3.623
20-Apr-12,3.696
19-Apr-12,3.627
18-Apr-12,3.628
17-Apr-12,3.644
16-Apr-12,3.624
13-Apr-12,3.623
12-Apr-12,3.716
11-Apr-12,3.636
10-Apr-12,3.646
9-Apr-12,3.716
5-Apr-12,3.792
4-Apr-12,3.785
3-Apr-12,3.916
2-Apr-12,3.918
30-Mar-12,3.824
29-Mar-12,3.794
28-Mar-12,3.787
27-Mar-12,3.879
26-Mar-12,3.885
23-Mar-12,3.809
22-Mar-12,3.768
21-Mar-12,3.849
20-Mar-12,3.828
19-Mar-12,3.906
16-Mar-12,3.874
15-Mar-12,3.892
14-Mar-12,3.842
13-Mar-12,3.897
12-Mar-12,3.832
9-Mar-12,3.853
8-Mar-12,3.786
7-Mar-12,3.76
6-Mar-12,3.731
5-Mar-12,3.853
2-Mar-12,3.896
1-Mar-12,3.925
