Date,Gold,Silver,Copper,oil,USD,GBP_USD,Heng_sang,N225,digital
12/30/2016,,16.24,2.498,56.82,102.29,1.2338,22000.56,19114.37,0
12/29/2016,1145.9,16.06,2.479,56.14,102.71,1.2263,21790.91,19145.14,0
12/28/2016,1134.6,15.85,2.495,56.22,103.24,1.2226,21754.74,19401.72,0
12/23/2016,,15.74,2.473,55.16,103,1.2292,21574.76,19396.64,1
12/22/2016,1131.35,15.77,2.494,55.05,103.1,1.2283,21636.2,19427.67,0
12/21/2016,1133.65,16.03,2.491,54.46,103.03,1.2354,21809.8,19444.49,1
12/20/2016,1125.7,15.8,2.499,55.35,103.29,1.2367,21729.06,19494.53,0
12/19/2016,1136.25,16,2.497,54.92,102.9,1.24,21832.68,19391.6,1
12/16/2016,1131.6,16.05,2.561,55.21,102.95,1.2497,22020.75,19401.15,0
12/15/2016,1126.95,16.14,2.596,54.02,103.05,1.2419,22059.4,19273.79,0
12/14/2016,1162.25,17.11,2.6,53.9,101.77,1.2565,22456.62,19253.61,1
12/13/2016,1158.55,17.01,2.593,55.72,101.11,1.2658,22446.7,19250.52,0
12/12/2016,1156.1,16.86,2.613,55.69,101.05,1.268,22433.02,19155.03,0
12/9/2016,1163.6,16.95,2.642,54.33,101.62,1.2576,22760.98,18996.37,1
12/8/2016,1171.05,17.13,2.62,53.89,101.12,1.2586,22861.84,18765.47,1
12/7/2016,1177.65,16.77,2.637,53,100.27,1.2622,22800.92,18496.69,1
12/6/2016,1172.5,16.79,2.672,53.93,100.53,1.2677,22675.15,18360.54,0
12/5/2016,1162.2,16.62,2.689,54.94,100.11,1.2733,22505.55,18274.99,0
12/2/2016,1173.5,16.35,2.615,54.46,100.86,1.2729,22564.82,18426.08,1
12/1/2016,1161.85,16.3,2.631,53.94,101.1,1.2593,22878.23,18513.12,0
11/30/2016,1178.1,16.67,2.622,50.47,101.54,1.2505,22789.77,18308.48,1
11/29/2016,1186.55,16.54,2.595,46.38,100.95,1.249,22737.07,18307.04,1
11/28/2016,1187,16.68,2.656,48.24,101.37,1.2415,22830.57,18356.89,1
11/25/2016,1187.7,16.465,2.667,47.24,101.55,1.2476,22723.45,18381.22,1
11/24/2016,1186.1,16.31,2.658,49,101.76,1.2452,22608.49,18333.41,0
11/23/2016,1185.35,16.56,2.606,48.95,101.76,1.244,22676.69,,0
11/22/2016,1212.25,16.76,2.542,49.12,101.11,1.2424,22678.07,18162.94,1
11/21/2016,1214.25,16.68,2.513,48.9,101.11,1.2493,22357.78,18106.02,1
11/18/2016,1211,16.51,2.464,46.86,101.28,1.2346,22344.21,17967.41,0
11/17/2016,1226.75,17.04,2.487,46.49,100.95,1.2416,22262.88,17862.63,1
11/16/2016,1229.2,16.95,2.465,46.63,100.44,1.2443,22280.53,17862.21,1
11/15/2016,1226.95,17,2.502,46.95,100.25,1.2456,22323.91,17668.15,0
11/14/2016,1213.6,17.195,2.518,44.43,100.12,1.2487,22222.22,17672.62,0
11/11/2016,1236.45,18.59,2.506,44.75,99.05,1.2602,22531.09,17374.79,1
11/10/2016,1267.5,18.75,2.55,45.84,98.77,1.2555,22839.11,17344.42,1
11/9/2016,1281.4,18.81,2.459,46.36,98.53,1.2406,22415.19,16251.54,1
11/8/2016,1282.35,18.26,2.379,46.04,97.86,1.2381,22909.47,17171.38,1
11/7/2016,1283.05,18.22,2.307,46.15,97.79,1.2398,22801.4,17177.21,1
11/4/2016,1302.8,18.3,2.261,45.58,97.09,1.2519,22642.62,16905.36,1
11/3/2016,1301,18.07,2.244,46.35,97.2,1.2462,22683.51,,0
11/2/2016,1303.75,18.54,2.226,46.86,97.41,1.2303,22810.5,17134.68,1
11/1/2016,1288.45,18.24,2.224,48.14,97.7,1.2243,23147.07,17442.4,0
10/31/2016,1272,17.76,2.2,48.3,98.42,1.2244,22934.54,17425.02,0
10/28/2016,1273,17.61,2.188,49.71,98.34,1.2185,22954.81,17446.41,1
10/27/2016,1266.25,17.66,2.166,50.47,98.88,1.2163,23132.35,17336.42,0
10/26/2016,1270.5,17.66,2.139,49.98,98.61,1.2248,23325.43,17391.84,1
10/25/2016,1269.4,17.73,2.132,50.79,98.68,1.2188,23565.11,17365.25,0
10/24/2016,1265.55,17.64,2.087,51.46,98.75,1.2239,23604.08,17234.42,0
10/21/2016,1266.05,17.51,2.083,51.78,98.69,1.2235,,17184.59,1
10/20/2016,1271.65,17.6,2.091,51.38,98.31,1.2252,23374.4,17235.5,1
10/19/2016,1269.05,17.69,2.097,52.67,97.94,1.2286,23304.97,16998.91,0
10/18/2016,1258.2,17.65,2.098,51.68,97.9,1.2297,23394.39,16963.61,0
10/17/2016,1254.8,17.4,2.099,51.52,97.88,1.2184,23037.54,16900.12,0
10/14/2016,1251.75,17.47,2.103,51.95,98,1.2187,23233.31,16856.37,0
10/13/2016,1261.05,17.59,2.115,52.03,97.52,1.2255,23031.3,16774.24,1
10/12/2016,1256.5,17.44,2.17,51.81,97.96,1.2208,23407.05,16840,0
10/11/2016,1253.45,17.48,2.179,52.41,97.69,1.2123,23549.52,17024.76,0
10/10/2016,1259.5,17.78,2.191,53.14,96.93,1.2363,,,1
10/7/2016,1258.75,17.33,2.156,51.93,96.65,1.2434,23851.82,16860.09,0
10/6/2016,1254.5,17.76,2.148,52.51,96.77,1.2616,23952.5,16899.1,0
10/5/2016,1269.4,17.8,2.156,51.86,96.11,1.2749,23788.31,16819.24,1
10/4/2016,1283.3,18.74,2.159,50.87,96.12,1.2728,23689.44,16735.65,1
10/3/2016,1313.3,19.18,2.183,50.89,95.59,1.2843,23584.43,16598.67,1
9/30/2016,1322.5,19.35,2.202,49.06,95.39,1.2976,23297.15,16449.84,1
9/29/2016,1318.1,19.01,2.181,49.24,95.47,1.297,23739.47,16693.71,0
9/28/2016,1322.5,19.12,2.179,48.69,95.34,1.3019,23619.65,16465.4,1
9/27/2016,1327,19.42,2.162,45.97,95.31,1.3022,23571.9,16683.93,1
9/26/2016,1340.5,19.44,2.19,47.35,95.21,1.2975,23317.92,16544.56,1
9/23/2016,1338.65,19.82,2.192,45.89,95.39,1.2974,23686.48,16754.02,0
9/22/2016,1339.1,19.875,2.188,47.65,95.38,1.3078,23759.8,,1
9/21/2016,1326.1,19.43,2.145,46.83,95.67,1.3027,23669.9,16807.62,0
9/20/2016,1313.8,19.17,2.155,45.88,95.98,1.2989,23530.86,16492.15,0
9/19/2016,1314.85,19.12,2.149,45.95,95.77,1.3027,23550.45,,1
9/16/2016,1308.35,18.91,2.151,45.77,96.11,1.3001,,16519.29,0
9/15/2016,1310.8,18.96,2.152,46.59,95.28,1.3238,23335.59,16405.01,1
9/14/2016,1321.75,19.04,2.148,45.85,95.32,1.3235,23190.64,16614.24,1
9/13/2016,1323.65,19.16,2.095,47.1,95.64,1.3195,23215.76,16729.04,1
9/12/2016,1324.6,18.72,2.096,48.32,95.09,1.3338,23290.6,16672.92,1
9/9/2016,1330.85,19.41,2.088,48.01,95.33,1.3267,24099.7,16965.76,1
9/8/2016,1343.4,19.93,2.096,49.99,95.05,1.3296,23919.34,16958.77,1
9/7/2016,1348.35,19.92,2.093,47.98,94.95,1.3338,23741.81,17012.44,1
9/6/2016,1337.25,19.6,2.084,47.26,94.82,1.3439,23787.68,17081.98,0
9/5/2016,1326.35,19.46,2.082,47.63,95.84,1.3304,23649.55,17037.63,0
9/2/2016,1324.7,18.75,2.071,46.83,95.84,1.3293,23266.7,16925.68,0
9/1/2016,1309.5,18.65,2.068,45.45,95.66,1.3268,23162.34,16926.84,0
8/31/2016,1309.25,18.74,2.07,47.04,96.01,1.3138,22976.88,16887.4,0
8/30/2016,1318.15,18.78,2.069,48.37,96.04,1.3083,23016.11,16725.36,1
8/26/2016,1318.75,18.67,2.075,49.92,95.54,1.3139,22909.54,16360.71,1
8/25/2016,1321.3,18.5,2.075,49.67,94.74,1.3191,22814.95,16555.95,1
8/24/2016,1327.25,18.84,2.076,49.05,94.75,1.3233,22820.78,16597.3,1
8/23/2016,1342,18.98,2.115,49.96,94.49,1.3196,22998.93,16497.36,1
8/22/2016,1335.9,18.91,2.14,49.16,94.5,1.3139,22997.91,16598.19,0
8/19/2016,1346.4,19.415,2.167,50.88,94.48,1.3075,22937.22,16545.82,1
8/18/2016,1350.05,19.78,2.167,50.89,94.14,1.3168,23023.16,16486.01,1
8/17/2016,1343.35,19.57,2.152,49.85,94.69,1.3042,22799.78,16745.64,0
8/16/2016,1344,20.035,2.172,49.23,94.76,1.3045,22910.84,16596.51,1
8/15/2016,1339.4,19.9,2.151,48.35,95.59,1.288,22932.51,16869.56,0
8/12/2016,1352.2,19.87,2.14,46.97,95.68,1.2923,22766.91,16919.92,1
8/11/2016,1355,20.21,2.19,46.04,95.84,1.2955,22580.55,,1
8/10/2016,1347.7,20.335,2.171,44.05,95.61,1.3011,22492.43,16735.12,0
8/9/2016,1341,19.7,2.15,44.98,96.13,1.3002,22465.61,16764.97,0
8/8/2016,1336.8,19.66,2.164,45.39,96.34,1.3039,22494.76,16650.57,0
8/5/2016,1340.4,20.22,2.153,44.27,96.14,1.3073,22146.09,16254.45,1
8/4/2016,1362.75,20.16,2.174,44.29,95.72,1.3108,21832.23,16254.89,1
8/3/2016,1358.9,20.59,2.196,43.1,95.53,1.3328,21739.12,16083.11,0
8/2/2016,1363.75,20.71,2.207,41.8,94.99,1.3357,,16391.45,1
8/1/2016,1349.65,20.51,2.196,42.14,95.68,1.3178,22129.14,16635.77,0
7/29/2016,1342,20.04,2.22,42.46,95.49,1.3231,21891.37,16569.27,0
7/28/2016,1341.75,20.41,2.206,42.7,96.72,1.3165,22174.34,16476.84,0
7/27/2016,1329,19.58,2.185,43.47,97.04,1.3221,22218.99,16664.82,0
7/26/2016,1323,19.68,2.225,44.87,97.17,1.3132,22129.73,16383.04,0
7/25/2016,1313.15,19.41,2.216,44.72,97.33,1.3141,21993.44,16620.29,0
7/22/2016,1320.75,19.7,2.234,45.69,97.52,1.3111,21964.27,16627.25,1
7/21/2016,1321.15,19.34,2.256,46.2,97.05,1.3234,22000.49,16810.22,1
7/20/2016,1315.9,19.7,2.252,47.17,97.26,1.321,21882.48,16681.89,0
7/19/2016,1330.9,19.99,2.261,46.66,97.11,1.3111,21673.2,16723.31,1
7/18/2016,1334.7,19.72,2.234,46.96,96.59,1.3256,21803.18,,1
7/15/2016,1327,20.14,2.231,47.61,96.56,1.3193,21659.25,16497.85,0
7/14/2016,1323.6,20.25,2.241,47.37,96.1,1.3342,21561.06,16385.89,0
7/13/2016,1342.75,20.29,2.238,46.26,96.21,1.3147,21322.37,16231.43,1
7/12/2016,1342.4,20.35,2.211,48.47,96.49,1.3243,21224.74,16095.65,0
7/11/2016,1357.1,20.47,2.147,46.25,96.59,1.2994,20880.5,15708.82,1
7/8/2016,1354.25,19.72,2.119,46.76,96.33,1.2956,20564.17,15106.98,0
7/7/2016,1356.7,19.95,2.123,46.4,96.38,1.291,20706.92,15276.24,1
7/6/2016,1366.25,20.43,2.151,48.8,96.13,1.2931,20495.29,15378.99,1
7/5/2016,1350.75,19.73,2.182,47.96,96.26,1.3023,20750.72,15669.33,0
7/4/2016,1350.75,20.36,2.216,50.1,95.71,1.329,21059.2,15775.8,1
7/1/2016,1340,19.24,2.215,50.35,95.71,1.3262,,15682.48,0
6/30/2016,1320.75,18.36,2.195,49.68,96.2,1.3311,20794.37,15575.92,0
6/29/2016,1321.5,18.21,2.183,50.61,95.81,1.3426,20436.12,15566.83,1
6/28/2016,1309.7,17.57,2.17,48.58,96.33,1.3342,20172.46,15323.14,0
6/27/2016,1324.55,17.7,2.127,47.16,96.7,1.3219,20227.3,15309.21,1
6/24/2016,1315.5,18.04,2.112,48.41,95.57,1.368,20259.13,14952.02,0
6/23/2016,1262.15,17.29,2.163,50.91,93.53,1.4879,20868.34,16238.35,0
6/22/2016,1264.85,17.2,2.135,49.88,93.76,1.4708,20795.12,16065.72,1
6/21/2016,1272.6,17.36,2.116,50.62,94.06,1.4647,20668.44,16169.11,1
6/20/2016,1281.8,17.335,2.094,50.65,93.68,1.4699,20510.2,15965.3,1
6/17/2016,1290.7,17.37,2.053,49.17,94.34,1.4358,20169.98,15599.66,1
6/16/2016,1310.75,17.71,2.05,47.19,94.71,1.4203,20038.42,15434.14,1
6/15/2016,1283.3,17.41,2.094,48.97,94.68,1.4205,20467.52,15919.58,0
6/14/2016,1287.15,17.25,2.045,49.83,95.04,1.4117,20387.53,15859,1
6/13/2016,1280.8,17.32,2.058,50.35,94.4,1.4272,20512.99,16019.18,0
6/10/2016,1275.5,17.32,2.031,50.54,94.56,1.4258,21042.64,16601.36,0
6/9/2016,1263.9,17.05,2.04,51.95,93.95,1.4459,,16668.41,0
6/8/2016,1263,16.75,2.062,52.51,93.58,1.4502,21297.88,16830.92,0
6/7/2016,1241,16.31,2.051,51.44,93.83,1.4544,21328.24,16675.45,0
6/6/2016,1244,16.4,2.117,50.55,93.89,1.4442,21030.22,16580.03,1
6/3/2016,1240.5,16.1,2.112,49.64,94.03,1.452,20947.24,16642.23,0
6/2/2016,1212.4,15.98,2.07,50.04,95.57,1.4425,20859.22,16562.55,0
6/1/2016,1214.5,15.95,2.072,49.72,95.46,1.4416,20760.98,16955.73,1
5/31/2016,1212.1,16.06,2.098,49.69,95.88,1.4478,20815.09,17234.98,0
5/27/2016,1216.25,16.3,2.114,49.32,95.5,1.4625,20576.77,16834.84,1
5/26/2016,1223.85,16.46,2.107,49.59,95.16,1.467,20397.11,16772.46,1
5/25/2016,1220.6,16.205,2.105,49.74,95.34,1.4696,20368.05,16757.35,0
5/24/2016,1236.85,16.27,2.07,48.61,95.58,1.4636,19830.43,16498.76,1
5/23/2016,1245.9,16.31,2.058,48.35,95.22,1.4485,19809.03,16654.6,1
5/20/2016,1254.2,16.56,2.058,48.72,95.34,1.4501,19852.2,16736.35,1
5/19/2016,1246.25,16.6,2.063,48.81,95.29,1.4612,19694.33,16646.66,0
5/18/2016,1272.9,17.05,2.082,48.93,95.06,1.4596,19826.41,16644.69,1
5/17/2016,1277,17.08,2.092,49.28,94.53,1.4464,20118.8,16652.8,1
5/16/2016,1285.75,17.32,2.091,48.97,94.55,1.4401,19883.95,16466.4,1
5/13/2016,1265.9,17.09,2.075,47.83,94.59,1.4362,19719.29,16412.21,0
5/12/2016,1279.25,17.23,2.073,48.08,94.13,1.445,19915.46,16646.34,1
5/11/2016,1276.85,17.51,2.101,47.6,93.79,1.4448,20055.29,16579.01,0
5/10/2016,1262.8,17.04,2.09,45.52,94.27,1.4441,20242.68,16565.19,0
5/9/2016,1265.25,17.33,2.104,43.63,94.11,1.4407,20156.81,16216.03,1
5/6/2016,1289,17.31,2.151,45.37,93.88,1.443,20109.87,16106.72,1
5/5/2016,1280.25,17.38,2.151,45.01,93.78,1.4486,20449.82,,0
5/4/2016,1283,17.18,2.183,44.62,93.19,1.4492,20525.83,,1
5/3/2016,1294,17.49,2.215,44.97,92.93,1.4534,20676.94,,1
4/29/2016,1285.65,17.855,2.279,48.13,93.05,1.4613,21067.05,,0
4/28/2016,1256,17.35,2.224,48.14,93.73,1.461,21388.03,16666.05,0
4/27/2016,1247.4,17.34,2.22,47.18,94.37,1.4543,21361.6,17290.49,0
4/26/2016,1241.7,16.95,2.248,45.74,94.54,1.4582,21407.27,17353.28,0
4/25/2016,1238.9,16.86,2.259,44.48,94.8,1.4482,21304.44,17439.3,0
4/22/2016,1243.25,17.19,2.269,45.11,95.08,1.4403,21467.04,17572.49,1
4/21/2016,1249.25,17.32,2.252,44.53,94.57,1.4323,21622.25,17363.62,1
4/20/2016,1252,16.97,2.242,45.8,94.47,1.4333,21236.31,16906.54,1
4/19/2016,1255.4,16.62,2.223,44.03,93.95,1.4393,21436.21,16874.44,1
4/18/2016,1234.3,16.2,2.164,42.91,94.46,1.4278,21161.5,16275.95,0
4/15/2016,1227.1,16.17,2.152,43.1,94.69,1.4195,21316.47,16848.03,0
4/14/2016,1233.85,16.13,2.171,43.84,94.91,1.4154,21337.81,16911.05,1
4/13/2016,1245.75,15.98,2.167,44.18,94.76,1.4203,21158.71,16381.22,1
4/12/2016,1254.6,15.96,2.145,44.69,93.94,1.4275,20504.44,15928.79,1
4/11/2016,1254.75,15.56,2.088,42.83,93.94,1.4241,20440.81,15751.13,1
4/8/2016,1239.5,15.16,2.087,41.94,94.25,1.4126,20370.4,15821.52,0
4/7/2016,1242.1,15.22,2.075,39.43,94.5,1.4057,20266.05,15749.84,1
4/6/2016,1221.4,15.07,2.14,39.84,94.44,1.4121,20206.67,15715.36,0
4/5/2016,1231.25,15.19,2.135,37.87,94.64,1.4161,20177,15732.82,1
4/4/2016,1219.75,14.96,2.138,37.69,94.52,1.4263,,16123.27,0
4/1/2016,1213.6,15.38,2.161,38.67,94.62,1.4226,20498.92,16164.16,0
3/31/2016,1237,15.38,2.182,39.6,94.58,1.4362,20776.7,16758.67,1
3/30/2016,1236.25,15.38,2.187,39.26,94.82,1.4378,20803.39,16878.96,0
3/29/2016,1226,15.06,2.208,39.14,95.15,1.4385,20366.3,17103.53,0
3/24/2016,1221,15.28,2.224,40.44,96.17,1.4154,20345.61,16892.33,0
3/23/2016,1217.6,15.58,2.231,40.47,96.06,1.4117,20615.23,17000.98,0
3/22/2016,1252.5,15.89,2.284,41.79,95.64,1.4208,20666.75,17048.55,1
3/21/2016,1244.9,15.81,2.289,41.54,95.3,1.4367,20684.15,,0
3/18/2016,1252.1,15.94,2.28,41.2,95.12,1.4481,20671.63,16724.81,1
3/17/2016,1266.5,15.73,2.289,41.54,94.8,1.4479,20503.81,16936.38,1
3/16/2016,1228.5,15.29,2.232,40.33,95.92,1.426,20257.7,16974.45,0
3/15/2016,1232,15.32,2.231,38.74,96.67,1.4153,20288.77,17117.07,1
3/14/2016,1242.75,15.6,2.237,39.53,96.52,1.4302,20435.34,17233.75,1
3/11/2016,1264.75,15.5,2.239,40.39,96.17,1.4387,20199.6,16938.87,1
3/10/2016,1266.5,15.27,2.217,40.05,96.06,1.428,19984.42,16852.35,1
3/9/2016,1246.4,15.27,2.23,41.07,97.16,1.4218,19996.26,16642.2,0
3/8/2016,1267,15.66,2.219,39.65,97.21,1.4216,20011.58,16783.15,1
3/7/2016,1267.9,15.66,2.28,40.84,97.08,1.4265,20159.72,16911.32,1
3/4/2016,1277.5,15.43,2.271,38.72,97.34,1.4227,20176.7,17014.78,1
3/3/2016,1250.25,14.97,2.204,37.07,97.6,1.4179,19941.76,16960.16,0
3/2/2016,1239.2,14.82,2.178,36.93,98.22,1.4078,20003.49,16746.55,0
3/1/2016,1236.5,14.99,2.142,36.81,98.36,1.3948,19407.46,16085.51,0
2/29/2016,1234.9,14.75,2.128,35.97,98.22,1.3916,19111.93,16026.76,0
2/26/2016,1226.5,15.17,2.118,35.1,98.17,1.387,19364.15,16188.41,0
2/25/2016,1236,15.16,2.065,35.29,97.28,1.3963,18888.75,16140.34,1
2/24/2016,1250.75,15.32,2.095,34.41,97.46,1.3927,19192.45,15915.79,1
2/23/2016,1221.35,15.21,2.104,33.27,97.48,1.4022,19414.78,16052.05,0
2/22/2016,1211,15,2.113,34.69,97.39,1.415,19464.09,16111.05,0
2/19/2016,1231.15,15.37,2.075,33.01,96.6,1.4406,19285.5,15967.17,1
2/18/2016,1210.1,15.25,2.071,34.28,96.96,1.4337,19363.08,16196.8,0
2/17/2016,1210,15.25,2.074,34.5,96.8,1.4297,18924.57,15836.36,0
2/16/2016,1209.5,15.35,2.049,32.18,96.88,1.4305,19122.08,16054.43,0
2/15/2016,1208.2,15.26,2.062,33.39,95.98,1.4435,18918.14,16022.58,0
2/12/2016,1239.75,15.64,2.027,33.36,95.98,1.4507,18319.58,14952.61,1
2/11/2016,1241,15.65,2.004,30.06,95.62,1.4477,18545.8,,1
2/10/2016,1190,15.12,2.025,30.84,95.94,1.4522,,15713.39,0
2/9/2016,1191,15.34,2.038,30.32,96.09,1.4473,,16085.44,1
2/8/2016,1193.25,14.94,2.088,32.88,96.58,1.4432,,17004.3,1
2/5/2016,1150.35,14.91,2.1,34.06,97.05,1.4503,19288.17,16819.59,0
2/4/2016,1156.35,14.74,2.128,34.46,96.49,1.4589,19183.09,17044.99,1
2/3/2016,1132,14.41,2.092,35.04,97.3,1.4604,18991.59,17191.25,0
2/2/2016,1128.5,14.26,2.052,32.72,98.89,1.441,19446.84,17750.68,0
2/1/2016,1126.5,14.33,2.051,34.24,99.03,1.4433,19595.5,17865.23,0
1/29/2016,1111.8,14.08,2.064,34.74,99.65,1.4247,19683.11,17518.3,0
1/28/2016,1114,13.58,2.049,33.89,98.54,1.4362,19195.83,17041.45,1
1/27/2016,1116.25,14.38,2.063,33.1,98.95,1.4233,19052.45,17163.92,1
1/26/2016,1113.6,14.33,2.034,31.8,99.13,1.4352,18860.8,16708.9,0
1/25/2016,1106.6,14.22,1.996,30.5,99.41,1.4249,19340.14,17110.91,0
1/22/2016,1096.25,14.17,1.998,32.18,99.65,1.4265,19080.51,16958.53,0
1/21/2016,1096.5,14.01,1.993,29.25,99.13,1.4218,18542.15,16017.26,1
1/20/2016,1101.75,14.05,1.956,27.88,99.17,1.4191,18886.3,16416.19,1
1/19/2016,1086.25,14.03,1.974,28.76,99.04,1.4158,19635.81,17048.37,0
1/18/2016,1089.2,13.88,1.964,28.55,99.02,1.4244,19237.45,16955.57,1
1/15/2016,1093.75,13.8,1.94,28.94,99.02,1.4258,19520.77,17147.11,1
1/14/2016,1088.4,14.02,1.971,31.03,99.16,1.4414,19817.41,17240.95,0
1/13/2016,1088.15,13.83,1.95,30.31,98.98,1.4407,19934.88,17715.63,0
1/12/2016,1085.4,13.88,1.953,30.86,99.02,1.4444,19711.76,17218.96,0
1/11/2016,1100.75,13.97,1.968,31.55,98.78,1.4544,19888.5,,1
1/8/2016,1101.85,14.04,2.017,33.55,98.6,1.452,20453.71,17697.96,1
1/7/2016,1106.35,14.03,2.015,33.75,98.27,1.4618,20333.34,17767.34,1
1/6/2016,1091.4,14.005,2.08,34.23,99.27,1.4627,20980.81,18191.32,0
1/5/2016,1077,14.01,2.088,36.42,99.5,1.4672,21188.72,18374,0
1/4/2016,1082.25,14,2.071,37.22,98.97,1.4717,21327.12,18450.98,1
12/31/2015,,13.82,2.126,37.28,98.75,1.4739,21914.4,19033.71,1
12/30/2015,1060,13.82,2.137,36.46,98.35,1.4816,21882.15,18982.23,0
12/29/2015,1070.1,13.93,2.125,37.79,98.17,1.4812,21999.62,18873.35,1
12/24/2015,,14.2,2.111,37.89,98.02,1.4917,22138.13,18769.06,1
12/23/2015,1068.25,14.33,2.111,37.36,98.37,1.4872,22040.59,18789.69,0
12/22/2015,1074.9,14.24,2.097,36.11,98.24,1.4825,21830.02,18886.7,1
12/21/2015,1078.75,14.2,2.129,36.35,98.37,1.4885,21791.68,18916.02,1
12/18/2015,1062.5,13.82,2.103,36.88,98.73,1.4894,21755.56,18986.8,0
12/17/2015,1049.4,14.08,2.034,37.06,99.32,1.4901,21872.06,19353.56,0
12/16/2015,1075.25,13.74,2.061,37.19,97.88,1.5004,21701.21,19049.91,1
12/15/2015,1061.5,13.74,2.051,38.45,98.29,1.5035,21274.37,18565.9,0
12/14/2015,1068.25,13.71,2.104,37.92,97.47,1.5142,21309.85,18883.42,1
12/11/2015,1072.5,13.92,2.108,37.93,97.55,1.5217,21464.05,19230.48,1
12/10/2015,1071,14.17,2.065,39.73,97.96,1.5159,21704.61,19046.55,0
12/9/2015,1081,14.27,2.06,40.11,97.33,1.5181,21803.76,19301.07,1
12/8/2015,1072.1,14.24,2.048,40.26,98.47,1.5008,21905.13,19492.6,0
12/7/2015,1075.8,14.49,2.045,40.73,98.67,1.5053,22203.22,19698.15,1
12/4/2015,1079.25,14.13,2.074,43,98.34,1.5112,22235.89,19504.48,1
12/3/2015,1055.45,13.93,2.056,43.84,97.63,1.5146,22417.01,19939.9,0
12/2/2015,1055.4,14.14,2.029,42.49,100.02,1.4951,22479.69,19938.13,0
12/1/2015,1065.4,14.21,2.067,44.44,99.84,1.5081,22381.35,20012.4,1
11/30/2015,1061.9,14.08,2.045,44.61,100.21,1.5056,21996.42,19747.47,0
11/27/2015,1057.4,14.11,2.05,44.86,100.07,1.5037,22068.32,19883.94,0
11/26/2015,1071,14.29,2.086,45.46,99.83,1.5102,22488.94,19944.41,1
11/25/2015,1068,14.07,2.045,46.17,99.83,1.5128,22498,19847.58,0
11/24/2015,1076.4,14.14,2.054,46.12,99.59,1.5087,22587.63,19924.89,1
11/23/2015,1070.5,13.98,2.019,44.83,99.86,1.5125,22665.9,,0
11/20/2015,1081.75,14.29,2.054,44.66,99.62,1.5192,22754.72,19879.81,1
11/19/2015,1082.6,14.21,2.076,44.18,99.06,1.529,22500.22,19859.81,1
11/18/2015,1067.75,14.17,2.078,44.14,99.75,1.5237,22188.26,19649.18,0
11/17/2015,1079.2,14.25,2.106,43.57,99.7,1.5214,22264.25,19630.63,1
11/16/2015,1084.75,14.36,2.118,44.56,99.54,1.5199,22010.82,19393.69,1
11/13/2015,1081.5,14.39,2.17,43.61,99.1,1.5233,22396.14,19596.91,0
11/12/2015,1087.4,14.39,2.173,44.06,98.71,1.5231,22888.92,19697.77,1
11/11/2015,1085.9,14.44,2.216,45.81,99.16,1.5212,22352.17,19691.39,0
11/10/2015,1087.1,14.55,2.216,47.44,99.39,1.5117,22401.7,19671.26,1
11/9/2015,1089.6,14.78,2.23,47.19,99.08,1.5115,22726.77,19642.74,1
11/6/2015,1088.9,15.08,2.241,47.42,99.26,1.505,22867.33,19265.6,0
11/5/2015,1106.3,15.02,2.253,47.98,98.05,1.5206,23051.04,19116.41,1
11/4/2015,1114.7,15.26,2.32,48.58,98.03,1.5383,23053.57,18926.91,1
11/3/2015,1123.1,15.38,2.327,50.54,97.24,1.5421,22568.43,,1
11/2/2015,1134,15.4,2.316,48.79,97,1.5416,22370.04,18683.24,1
10/30/2015,1142.35,15.63,2.313,49.56,97.02,1.5429,22640.04,19083.1,1
10/29/2015,1148.6,15.82,2.316,48.8,97.36,1.5311,22819.94,18935.71,1
10/28/2015,1179.6,16.03,2.354,49.05,97.86,1.5261,22956.57,18903.02,1
10/27/2015,1165.7,15.8,2.358,46.81,96.99,1.5296,23142.73,18777.04,0
10/26/2015,1166.4,16.1,2.357,47.54,96.95,1.535,23116.25,18947.12,1
10/23/2015,1161.25,15.98,2.35,47.99,97.24,1.5314,23151.94,18825.3,0
10/22/2015,1167,15.77,2.385,48.08,96.45,1.5394,22845.37,18435.87,1
10/21/2015,1167.1,15.75,2.364,47.85,95.07,1.5419,,18554.28,1
10/20/2015,1177.75,15.86,2.369,48.71,94.94,1.5441,22989.22,18207.15,1
10/19/2015,1175.4,15.86,2.372,48.61,94.95,1.5466,23075.61,18131.23,0
10/16/2015,1180.85,16.04,2.407,50.46,94.59,1.5435,23067.37,18291.8,1
10/15/2015,1184.25,16.18,2.426,48.71,94.43,1.5457,22888.17,18096.9,1
10/14/2015,1173.9,15.84,2.42,49.15,93.96,1.5477,22439.91,17891,0
10/13/2015,1165.2,15.61,2.392,49.24,94.79,1.5249,22600.46,18234.74,0
10/12/2015,1164.9,15.96,2.42,49.86,94.77,1.5345,22730.93,,0
10/9/2015,1151.55,15.99,2.417,52.65,94.88,1.5304,22458.8,18438.67,0
10/8/2015,1140,15.61,2.347,53.05,95.41,1.5349,22354.91,18141.17,0
10/7/2015,1144.6,15.82,2.372,51.33,95.58,1.5318,22515.76,18322.98,1
10/6/2015,1147.5,15.67,2.359,51.92,95.56,1.5227,21831.62,18186.1,1
10/5/2015,1139.75,15.25,2.36,49.25,96.24,1.5144,21854.5,18005.49,0
10/2/2015,1140.75,14.43,2.329,48.13,95.97,1.5182,21506.09,17725.13,1
10/1/2015,1119,14.55,2.308,47.69,96.33,1.5129,,17722.42,0
9/30/2015,1114,14.65,2.345,48.37,96.48,1.5129,20846.3,17388.15,0
9/29/2015,1132.1,14.56,2.253,48.23,95.99,1.5151,20556.6,16930.84,1
9/28/2015,1131.05,14.7,2.256,47.34,96.18,1.5174,,17645.11,0
9/25/2015,1146.65,14.99,2.292,48.6,96.43,1.5182,21186.32,17880.51,1
9/24/2015,1154.5,14.79,2.312,48.17,96.15,1.5241,21095.98,17571.83,1
9/23/2015,1131.35,14.8,2.305,47.75,96.21,1.5246,21302.91,,0
9/22/2015,1122.9,14.94,2.307,49.08,96.45,1.5365,21796.58,,0
9/21/2015,1133.25,15.18,2.398,48.92,96.03,1.5508,21756.93,,1
9/18/2015,1141.5,15.26,2.397,47.47,95,1.5532,21920.83,18070.21,1
9/17/2015,1117.5,14.76,2.462,49.08,94.68,1.5591,21854.63,18432.27,0
9/16/2015,1117.6,14.51,2.462,49.75,95.55,1.5493,21966.66,18171.6,1
9/15/2015,1105.95,14.35,2.436,46.63,95.78,1.5342,21455.23,18026.48,0
9/14/2015,1104.8,14.43,2.414,46.37,95.36,1.5426,21561.9,17965.7,0
9/11/2015,1100.25,14.58,2.462,48.14,95.19,1.543,21504.37,18264.22,0
9/10/2015,1109.5,14.72,2.454,48.89,95.44,1.5446,21562.5,18299.62,1
9/9/2015,1109.85,14.77,2.442,47.58,96.01,1.5368,22131.31,18770.51,1
9/8/2015,1121.15,14.63,2.438,49.52,95.99,1.5396,21259.04,17427.08,1
9/7/2015,1119.5,14.54,2.345,47.63,96.24,1.527,20583.52,17860.47,0
9/4/2015,1118.25,14.69,2.32,49.61,96.24,1.5171,20840.61,17792.16,0
9/3/2015,1128,14.71,2.39,50.68,96.42,1.5257,,18182.39,1
9/2/2015,1137.75,14.56,2.333,50.5,95.84,1.5301,20934.94,18095.4,1
9/1/2015,1142.3,14.68,2.303,49.56,95.45,1.5303,21185.43,18165.69,1
8/28/2015,1135,14.44,2.346,50.05,96.14,1.5393,21612.39,19136.32,0
8/27/2015,1119,14.27,2.334,47.56,95.65,1.54,21838.54,18574.44,0
8/26/2015,1120.75,14.41,2.251,43.14,95.13,1.5459,21080.39,18376.83,1
8/25/2015,1137.5,14.87,2.323,43.21,94.54,1.5688,21404.96,17806.7,1
8/24/2015,1166.5,14.94,2.269,42.69,93.36,1.5776,21251.57,18540.68,1
8/21/2015,1156.5,15.46,2.307,45.46,95,1.5697,22409.62,19435.83,0
8/20/2015,1147.7,15.5,2.323,46.62,96,1.5688,22757.47,20033.52,0
8/19/2015,1126.15,14.84,2.283,47.16,96.37,1.5679,23167.85,20222.63,0
8/18/2015,1111.45,15.23,2.297,48.81,97.07,1.5661,23474.97,20554.47,0
8/17/2015,1118.8,15.23,2.333,48.74,96.81,1.5587,23814.65,20620.26,1
8/14/2015,1118.25,15.55,2.364,49.03,96.53,1.5646,23991.03,20519.45,0
8/13/2015,1116.75,15.33,2.365,49.22,96.46,1.5611,24018.8,20595.55,0
8/12/2015,1119,15.36,2.361,49.66,96.3,1.5615,23916.02,20392.77,1
8/11/2015,1108.25,15.31,2.341,49.18,97.33,1.5573,24498.21,20720.75,0
8/10/2015,1097,14.88,2.408,50.41,97.2,1.5587,24521.12,20808.69,0
8/7/2015,1093.5,14.75,2.341,48.61,97.62,1.5496,24552.47,20724.56,0
8/6/2015,1089.75,14.59,2.348,49.52,97.91,1.5512,24375.28,20664.44,0
8/5/2015,1085.1,14.52,2.353,49.59,98.03,1.5602,24514.16,20614.06,0
8/4/2015,1090.65,14.54,2.365,49.99,98.02,1.5563,24406.12,20520.36,1
8/3/2015,1091.9,14.73,2.348,49.52,97.62,1.5588,24411.42,20548.11,1
7/31/2015,1098.4,14.56,2.368,52.21,97.44,1.5624,24636.28,20585.24,1
7/30/2015,1087.5,14.64,2.381,53.31,97.69,1.5601,24497.98,20522.83,0
7/29/2015,1090.25,14.61,2.408,53.38,97.08,1.5604,24619.45,20302.91,1
7/28/2015,1096.2,14.54,2.403,53.3,96.86,1.5611,24503.94,20328.89,1
7/27/2015,1100,14.69,2.35,53.47,96.61,1.5558,24351.96,20350.1,1
7/24/2015,1080.8,14.49,2.381,54.62,97.35,1.5514,25128.51,20544.53,0
7/23/2015,1097.4,14.88,2.385,55.27,97.23,1.5514,25398.85,20683.95,1
7/22/2015,1088.6,14.78,2.432,56.13,97.72,1.5614,25282.62,20593.67,0
7/21/2015,1105.6,14.75,2.478,57.04,97.43,1.5558,25536.43,20841.97,1
7/20/2015,1104.6,14.84,2.484,56.65,98.16,1.5566,25404.81,,0
7/17/2015,1132.8,15.01,2.505,57.1,97.99,1.5609,25415.27,20650.92,1
7/16/2015,1144.4,14.93,2.531,57.51,97.81,1.561,25162.78,20600.12,1
7/15/2015,1147.4,15.31,2.53,57.05,97.28,1.5637,25055.76,20463.33,1
7/14/2015,1157.4,15.28,2.545,58.51,96.78,1.5636,25120.91,20385.33,1
7/13/2015,1154,15.45,2.555,57.85,97,1.5489,25224.01,20089.77,0
7/10/2015,1159.3,15.45,2.546,58.73,96.17,1.5526,24901.28,19779.83,1
7/9/2015,1164.25,15.38,2.558,58.61,96.79,1.538,24392.79,19855.5,1
7/8/2015,1158.5,14.99,2.504,57.05,96.47,1.5361,23516.56,19737.64,0
7/7/2015,1156.25,15.61,2.451,56.85,97.08,1.5462,24975.31,20376.59,0
7/6/2015,1166,15.59,2.543,56.54,96.48,1.5607,25236.28,20112.12,1
7/3/2015,1167.95,15.64,2.618,60.32,96.29,1.5571,26064.11,20539.79,1
7/2/2015,1165.25,15.61,2.635,62.07,96.29,1.5609,26282.32,20522.5,0
7/1/2015,1168,15.63,2.635,62.01,96.51,1.5618,,20329.32,1
6/30/2015,1171,15.7,2.623,63.59,95.66,1.571,26250.03,20235.73,1
6/29/2015,1176,15.83,2.639,62.01,94.95,1.5738,25966.98,20109.95,1
6/26/2015,1170.5,15.83,2.645,63.26,95.65,1.5752,26663.87,20706.15,0
6/25/2015,1172.65,15.77,2.646,63.2,95.39,1.5747,27145.75,20771.4,1
6/24/2015,1173.75,15.89,2.647,63.49,95.42,1.5706,27404.97,20868.03,1
6/23/2015,1178,15.96,2.634,64.45,95.64,1.5731,27333.46,20809.42,1
6/22/2015,1185.5,16.19,2.588,63.34,94.52,1.5825,27080.85,20428.19,1
6/19/2015,1203.4,16.12,2.592,63.02,94.27,1.5884,26760.53,20174.24,1
6/18/2015,1201.85,16.24,2.628,64.26,94.24,1.5881,26694.66,19990.82,0
6/17/2015,1178,15.98,2.623,63.87,94.49,1.5833,26753.79,20219.27,0
6/16/2015,1177.75,16.03,2.627,63.7,95.26,1.5649,26566.7,20257.94,0
6/15/2015,1181.4,15.93,2.659,62.61,95.13,1.5601,26861.81,20387.79,1
6/12/2015,1182.8,15.93,2.7,63.87,94.99,1.5559,27280.54,20407.08,1
6/11/2015,1178.5,15.87,2.693,65.11,94.98,1.5518,26907.85,20382.97,0
6/10/2015,1188.5,16.13,2.772,65.7,94.65,1.5531,26687.64,20046.36,1
6/9/2015,1177.4,16.13,2.74,64.88,95.17,1.5386,26989.52,20096.3,0
6/8/2015,1172.8,16.06,2.716,62.69,95.32,1.535,27316.28,20457.19,0
6/5/2015,1164.6,16.15,2.722,63.31,96.36,1.5272,27260.16,20460.9,0
6/4/2015,1176,16.47,2.716,62.03,95.49,1.5366,27551.89,20488.19,1
6/3/2015,1190,16.6,2.751,63.8,95.51,1.5341,27657.47,20473.51,1
6/2/2015,1192.8,16.7,2.758,65.49,95.88,1.5344,27466.72,20543.19,1
6/1/2015,1199.9,16.61,2.741,64.88,97.47,1.5201,27597.16,20569.87,1
5/29/2015,1191.4,16.67,2.76,65.56,96.99,1.5291,27424.19,20563.15,0
5/28/2015,1185,16.68,2.793,62.58,97.06,1.5316,27454.31,20551.46,0
5/27/2015,1185.85,16.66,2.816,62.06,97.47,1.5355,28081.21,20472.58,1
5/26/2015,1185.4,16.79,2.853,63.72,97.41,1.5385,28249.86,20437.48,0
5/22/2015,1204.1,17.25,2.833,65.37,96.11,1.549,27992.83,20264.41,1
5/21/2015,1205,17.18,2.871,66.54,95.33,1.5662,27523.72,20202.87,1
5/20/2015,1210.5,17.07,2.852,65.03,95.51,1.5537,27585.05,20196.56,1
5/19/2015,1214.3,17.4,2.861,64.02,95.36,1.551,27693.54,20026.38,1
5/18/2015,1223.5,17.7,2.93,66.27,94.27,1.5653,27591.25,19890.27,1
5/15/2015,1220.5,17.25,2.949,66.81,93.18,1.5723,27822.28,19732.92,0
5/14/2015,1225,17.4,2.946,66.59,93.5,1.5776,27286.55,19570.24,1
5/13/2015,1210.5,16.65,2.95,66.81,93.64,1.5745,27249.28,19764.72,0
5/12/2015,1191.5,16.46,2.95,66.86,94.61,1.5671,27407.18,19624.84,0
5/11/2015,1189.25,16.39,2.917,64.91,95.1,1.5587,27718.2,19620.91,0
5/8/2015,1186,16.31,2.931,65.39,94.9,1.5456,27577.34,19379.19,0
5/7/2015,1187,16.35,2.926,65.54,94.75,1.5246,27289.97,19291.99,1
5/6/2015,1194.25,16.41,2.933,67.77,94.17,1.5245,27640.91,,1
5/5/2015,1197,16.42,2.94,67.52,95.2,1.5183,27755.54,,1
5/1/2015,1175.95,16.17,2.932,66.46,95.44,1.5141,28123.82,19531.63,0
4/30/2015,1180.25,16.52,2.886,66.78,94.71,1.5351,28133,19520.01,1
4/29/2015,1209,16.48,2.795,65.84,95.32,1.544,28400.34,,1
4/28/2015,1209,16.32,2.78,64.64,96.19,1.5338,28442.75,20058.95,1
4/27/2015,1200,15.84,2.774,64.83,96.94,1.5238,28433.59,19983.32,0
4/24/2015,1183,15.83,2.752,65.28,97.1,1.5189,28060.98,20020.04,0
4/23/2015,1185.75,15.86,2.698,64.85,97.45,1.5058,27827.7,20187.65,1
4/22/2015,1189.25,16.05,2.67,62.73,98.14,1.5036,27933.85,20133.9,1
4/21/2015,1195.3,16.08,2.705,62.08,98.2,1.4926,27850.49,19909.09,1
4/20/2015,1196.5,16.09,2.736,63.45,98.16,1.4906,27094.93,19634.49,1
4/17/2015,1203.35,16.36,2.784,63.45,97.71,1.4962,27653.12,19652.88,1
4/16/2015,1204.35,16.47,2.785,63.98,97.61,1.4935,27739.71,19885.77,1
4/15/2015,1192.9,16.18,2.729,60.32,98.53,1.4842,27618.82,19869.76,0
4/14/2015,1194.75,16.08,2.72,58.43,98.94,1.478,27561.49,19908.68,1
4/13/2015,1198.9,16.27,2.737,57.93,99.77,1.4676,28016.34,19905.46,1
4/10/2015,1207.35,16.55,2.751,57.87,99.6,1.4631,27272.39,19907.63,1
4/9/2015,1194.8,16.3,2.745,56.57,99.39,1.4714,26944.39,19937.72,0
4/8/2015,1207.25,16.84,2.748,55.55,98.13,1.4867,26236.86,19789.81,1
4/7/2015,1211,16.86,2.777,59.1,98.06,1.4808,,19640.54,1
4/2/2015,1198.5,16.84,2.748,54.95,97.67,1.4829,25275.64,19312.79,0
4/1/2015,1197,16.56,2.756,57.1,98.47,1.4823,25082.75,19034.84,0
3/31/2015,1187,16.6,2.747,55.11,98.66,1.4818,24900.89,19206.99,0
3/30/2015,1185.5,16.65,2.788,56.29,98.28,1.481,24855.12,19411.4,0
3/27/2015,1195.75,17.14,2.775,56.41,97.52,1.4877,24486.2,19285.63,1
3/26/2015,1203.15,17.13,2.821,59.19,97.68,1.485,24497.08,19471.12,1
3/25/2015,1195.6,16.94,2.805,56.48,97.2,1.4881,24528.23,19746.2,0
3/24/2015,1191.5,16.97,2.815,55.11,97.45,1.4851,24399.6,19713.45,0
3/23/2015,1186.25,16.73,2.808,55.92,97.3,1.4952,24494.51,19754.36,0
3/20/2015,1183.1,16.17,2.775,55.32,98.17,1.4951,24375.24,19560.22,0
3/19/2015,1166,15.88,2.675,54.43,99.58,1.4752,24468.89,19476.56,0
3/18/2015,1147.25,15.47,2.587,55.91,98.78,1.4978,24120.08,19544.48,0
3/17/2015,1150.75,15.56,2.642,53.51,99.95,1.4745,23901.49,19437,1
3/16/2015,1150.75,15.58,2.678,53.44,99.48,1.4829,23949.55,19246.06,1
3/13/2015,1152,15.5,2.679,54.67,100.31,1.4744,23823.21,19254.25,1
3/12/2015,1152.25,15.68,2.675,57.08,99.41,1.4883,23797.96,18991.11,1
3/11/2015,1150,15.64,2.623,57.54,99.78,1.4929,23717.97,18723.52,0
3/10/2015,1162,15.78,2.635,56.39,98.61,1.507,23896.98,18665.11,1
3/9/2015,1168.5,15.92,2.687,58.53,97.58,1.5129,24123.05,18790.55,1
3/6/2015,1175.75,15.99,2.629,59.73,97.6,1.5037,24164,18971,1
3/5/2015,1202,16.19,2.672,60.48,96.39,1.5241,24193.04,18751.84,1
3/4/2015,1199.5,16.32,2.677,60.55,95.99,1.5264,24465.38,18703.6,0
3/3/2015,1212.75,16.42,2.674,61.02,95.41,1.5361,24702.78,18815.16,1
3/2/2015,1212.5,16.63,2.711,59.54,95.48,1.5364,24887.44,18826.88,0
2/27/2015,1214,16.53,2.716,62.58,95.32,1.5434,24823.29,18797.94,1
2/26/2015,1208.25,16.82,2.714,60.05,95.34,1.5406,24902.06,18785.79,0
2/25/2015,1204.75,16.51,2.708,61.63,94.23,1.5529,24778.28,18585.2,0
2/24/2015,1192.5,16.32,2.712,58.66,94.56,1.5455,24750.07,18603.48,0
2/23/2015,1204.5,16.2,2.639,58.9,94.66,1.5457,24836.76,18466.92,1
2/20/2015,1208.25,16.34,2.611,60.22,94.34,1.54,,18332.3,1
2/19/2015,1209.5,16.73,2.642,60.21,94.49,1.5413,,18264.79,1
2/18/2015,1206,16.42,2.639,60.53,94.26,1.5435,24832.08,18199.17,0
2/17/2015,1209.5,16.82,2.595,62.53,94.15,1.5354,24784.88,17987.09,1
2/16/2015,1229.25,17.27,2.608,61.4,94.28,1.5362,24726.53,18004.77,1
2/13/2015,1232.5,16.86,2.614,61.52,94.28,1.5399,24682.54,17913.36,1
2/12/2015,1222.5,16.89,2.609,57.05,94.2,1.5385,24422.15,17979.72,0
2/11/2015,1223.75,16.95,2.553,54.66,95.09,1.5238,24315.02,,1
2/10/2015,1234.5,16.8,2.562,56.43,94.85,1.5254,24528.1,17652.68,1
2/9/2015,1238.5,16.97,2.599,58.34,94.58,1.5215,24521,17711.93,1
2/6/2015,1241,17.22,2.603,57.8,94.85,1.5246,24679.39,17648.5,1
2/5/2015,1259.25,17,2.612,56.57,93.73,1.5328,24765.49,17504.62,1
2/4/2015,1268.5,17.39,2.612,54.16,94.17,1.5183,24679.76,17678.74,1
2/3/2015,1264.25,17.59,2.6,57.91,93.72,1.5167,24554.78,17335.85,0
2/2/2015,1272.5,17.22,2.511,54.75,94.73,1.504,24484.74,17558.04,1
1/30/2015,1260.25,16.92,2.528,52.99,95,1.5069,24507.05,17674.39,0
1/29/2015,1268.75,17.43,2.47,49.13,95.01,1.5067,24595.85,17606.22,1
1/28/2015,1288,18.01,2.522,48.47,94.73,1.5135,24861.81,17795.73,1
1/27/2015,1288.5,17.87,2.514,49.6,94.25,1.5197,24807.28,17768.3,1
1/26/2015,1281.25,17.83,2.574,48.16,95.11,1.508,24909.9,17468.52,0
1/23/2015,1294.75,18.23,2.538,48.79,95.05,1.499,24850.45,17511.75,1
1/22/2015,1295.75,18.08,2.6,48.52,94.36,1.501,24522.63,17329.02,1
1/21/2015,1293.5,18.22,2.615,49.03,93.14,1.5143,24352.58,17280.48,0
1/20/2015,1288.75,17.8,2.615,47.99,93.35,1.5145,23951.16,17366.3,0
1/19/2015,1273.75,17.65,2.573,48.84,92.89,1.5111,23738.49,17014.29,0
1/16/2015,1277.5,16.92,2.654,50.17,92.89,1.5151,24103.52,16864.16,1
1/15/2015,1259,17.12,2.611,47.67,92.61,1.5184,24350.91,17108.7,0
1/14/2015,1235,16.64,2.553,48.69,92.34,1.5232,24112.6,16795.96,0
1/13/2015,1231.5,17,2.679,46.59,92.5,1.5159,24215.97,17087.71,0
1/12/2015,1226.5,16.52,2.763,47.43,92.18,1.5171,24026.46,,0
1/9/2015,1217.75,16.24,2.791,50.11,92.15,1.516,23919.95,17197.73,0
1/8/2015,1215.5,16.37,2.807,50.96,92.6,1.5089,23835.53,17167.1,0
1/7/2015,1210.5,16.33,2.796,51.15,92.11,1.5111,23681.26,16885.33,0
1/6/2015,1210.25,16.29,2.804,51.1,91.74,1.5151,23485.41,16883.19,0
1/5/2015,1200,15.88,2.793,53.11,91.62,1.525,23721.32,17408.71,0
1/2/2015,1172,15.71,2.838,56.42,91.38,1.5328,23857.82,,0
12/31/2014,,15.97,2.838,57.33,90.65,1.5575,23605.04,,1
12/30/2014,1206,15.79,2.869,57.9,90.28,1.5559,23501.1,17450.77,0
12/29/2014,1185.5,16,2.838,57.88,90.5,1.5514,23773.18,17729.84,0
12/24/2014,,15.77,2.874,60.24,90.22,1.5559,23349.34,17854.23,1
12/23/2014,1175.75,15.71,2.902,61.69,90.33,1.5522,23333.69,,0
12/22/2014,1195.25,16.09,2.904,60.11,89.95,1.559,23408.57,17635.14,1
12/19/2014,1195.5,15.86,2.908,61.38,89.84,1.5632,23116.63,17621.4,1
12/18/2014,1199,16.08,2.873,59.27,89.48,1.5671,22832.21,17210.05,1
12/17/2014,1195.75,15.95,2.888,61.18,89.33,1.5575,22585.84,16819.73,0
12/16/2014,1202.5,16.29,2.877,59.86,88.3,1.5749,22670.5,16755.32,1
12/15/2014,1209.25,16.85,2.898,61.06,88.57,1.5637,23027.85,17099.4,1
12/12/2014,1217,17.07,2.946,61.85,88.34,1.572,23249.2,17371.58,1
12/11/2014,1216.25,16.98,2.941,63.68,88.68,1.5732,23312.54,17257.4,0
12/10/2014,1229,17.06,2.914,64.24,88.29,1.5716,23524.52,17412.58,1
12/9/2014,1227,16.37,2.946,66.84,88.69,1.5671,23485.83,17813.38,0
12/8/2014,1193,16.26,2.91,66.19,89.05,1.5653,24047.67,17935.64,0
12/5/2014,1194,16.33,2.925,69.07,89.36,1.5583,24002.64,17920.45,1
12/4/2014,1209,16.42,2.933,69.64,88.73,1.5673,23832.56,17887.21,1
12/3/2014,1204.75,16.3,2.893,69.92,88.99,1.5686,23428.62,17720.43,0
12/2/2014,1195,16.16,2.913,70.54,88.7,1.5636,23654.3,17663.22,0
12/1/2014,1194,15.73,2.93,72.54,87.98,1.573,23367.45,17590.1,0
11/28/2014,1182.75,15.97,2.86,70.15,88.41,1.5649,23987.45,17459.85,0
11/27/2014,1194.75,16.42,2.951,72.58,87.65,1.5736,24004.28,17248.5,1
11/26/2014,1197.5,16.61,2.96,77.75,87.65,1.5792,24111.98,17383.58,1
11/25/2014,1199,16.66,2.961,78.33,87.96,1.5708,23843.91,17407.62,1
11/24/2014,1197.5,16.33,3.004,79.68,88.21,1.5705,23893.14,,0
11/21/2014,1203.75,16.3,3.035,80.36,88.41,1.5655,23437.12,17357.51,1
11/20/2014,1190,16.2,3.027,79.33,87.67,1.5695,23349.64,17300.86,0
11/19/2014,1196,16.26,3.047,78.1,87.71,1.5682,23373.31,17288.75,1
11/18/2014,1192.75,16.27,3.011,78.47,87.64,1.5634,23529.17,17344.06,0
11/17/2014,1182.5,16.2,3.05,79.31,88.01,1.5641,23797.08,16973.8,0
11/14/2014,1169,15.35,3.058,79.41,87.59,1.567,24087.38,17490.83,0
11/13/2014,1161.75,15.74,2.999,77.92,87.75,1.5711,24019.94,17392.79,0
11/12/2014,1164.5,15.62,3.034,80.38,87.91,1.5781,23938.18,17197.05,1
11/11/2014,1156.5,15.57,3.042,81.67,87.72,1.5919,23808.28,17124.11,0
11/10/2014,1162,15.67,3.027,82.34,87.91,1.5842,23744.7,16780.53,1
11/7/2014,1154.5,15.42,3.053,83.39,87.73,1.5874,23550.24,16880.38,0
11/6/2014,1145,15.28,3.03,82.86,88.13,1.5832,23649.31,16792.48,0
11/5/2014,1142,15.32,3.022,82.95,87.57,1.5977,23695.62,16937.32,0
11/4/2014,1166.5,16.12,3.034,82.82,87.09,1.6003,23845.66,16862.47,1
11/3/2014,1167.75,16.15,3.079,84.78,87.41,1.5972,23915.97,,1
10/31/2014,1164.25,16.2,3.061,85.86,87.02,1.5998,23998.06,16413.76,0
10/30/2014,1202,16.78,3.072,86.24,86.23,1.6,23702.04,15658.2,1
10/29/2014,1223.5,17.2,3.112,87.12,86.04,1.6011,23819.87,15553.91,1
10/28/2014,1229.25,17.18,3.108,86.03,85.47,1.6131,23520.36,15329.91,1
10/27/2014,1228.75,17.18,3.078,85.83,85.56,1.612,23143.23,15388.72,0
10/24/2014,1232.75,17.19,3.051,86.13,85.82,1.6091,23302.2,15291.64,1
10/23/2014,1232.75,17.07,3.05,86.83,85.95,1.6031,23333.18,15138.96,1
10/22/2014,1243.75,17.36,3.022,84.71,85.85,1.6051,23403.97,15195.77,1
10/21/2014,1250.25,17.36,3.031,86.22,85.4,1.6112,23088.58,14804.28,1
10/20/2014,1244.5,17.38,2.99,85.4,85.04,1.6165,23070.26,15111.23,0
10/17/2014,1234.25,17.36,3.001,86.16,85.21,1.6095,23023.21,14532.51,0
10/16/2014,1237.75,17.46,2.978,84.47,85.04,1.6088,22900.94,14738.38,1
10/15/2014,1237.5,17.01,3.005,83.78,85.24,1.6021,23140.05,15073.52,0
10/14/2014,1234.75,17.5,3.085,85.04,85.94,1.5904,23047.97,14936.51,0
10/13/2014,1229,17.41,3.037,88.89,85.73,1.6085,23143.38,,0
10/10/2014,1219,17.26,3.032,90.21,86.03,1.6078,23088.54,15300.55,0
10/9/2014,1226.75,17.64,3.028,90.05,85.66,1.6119,23534.53,15478.93,1
10/8/2014,1217,17.35,3,91.38,85.41,1.6168,23263.33,15595.98,0
10/7/2014,1210.5,17.36,3.034,92.11,85.78,1.6096,23422.52,15783.83,0
10/6/2014,1195.75,17.02,3.03,92.79,86.04,1.6084,23315.04,15890.95,0
10/3/2014,1195,16.97,2.994,92.31,86.82,1.5964,23064.56,15708.65,0
10/2/2014,1211.75,17.09,2.997,93.42,85.69,1.6143,,15661.99,1
10/1/2014,1216.5,17.04,3.034,94.16,86.08,1.6186,,16082.25,1
9/30/2014,1216.5,17.11,3.006,94.67,86.05,1.6214,22932.98,16173.52,1
9/29/2014,1219.5,17.58,3.053,97.2,85.72,1.6241,23229.21,16310.64,1
9/26/2014,1213.75,17.54,3.029,97,85.77,1.6247,23678.41,16229.86,0
9/25/2014,1213.75,17.52,3.06,97,85.3,1.6318,23768.13,16374.14,1
9/24/2014,1217.25,17.76,3.059,96.95,85.16,1.634,23921.61,16167.45,1
9/23/2014,1222,17.92,3.034,96.85,84.78,1.6388,23837.07,,1
9/22/2014,1213.5,17.74,3.038,96.97,84.86,1.6361,23955.49,16205.9,0
9/19/2014,1219.75,18.45,3.088,98.39,84.86,1.6288,24306.16,16321.17,1
9/18/2014,1220.5,18.5,3.092,97.7,84.43,1.6401,24168.72,16067.57,1
9/17/2014,1236,18.63,3.142,98.97,84.49,1.6276,24376.41,15888.67,1
9/16/2014,1232.25,18.75,3.16,99.05,84.23,1.6277,24136.01,15911.53,0
9/15/2014,1234.25,18.64,3.081,96.65,84.25,1.6233,24356.99,,1
9/12/2014,1231.5,18.64,3.102,97.11,84.24,1.6268,24595.32,15948.29,0
9/11/2014,1241.25,18.7,3.087,98.08,84.3,1.6255,24662.64,15909.2,1
9/10/2014,1251,19.01,3.104,98.04,84.29,1.6213,24705.36,15788.78,1
9/9/2014,1255.75,19,3.095,99.16,84.28,1.6106,,15749.15,1
9/8/2014,1259,19.19,3.158,100.2,84.24,1.6105,25190.45,15705.11,1
9/5/2014,1266,19.13,3.158,100.82,83.76,1.6327,25240.15,15668.68,1
9/4/2014,1271.5,19.21,3.139,101.83,83.83,1.6333,25297.92,15676.18,1
9/3/2014,1265.5,19.1,3.111,102.77,82.89,1.6462,25317.95,15728.35,0
9/2/2014,1267,19.2,3.135,100.34,83.01,1.647,24749.02,15668.6,1
9/1/2014,1286.5,19.49,3.149,102.79,82.78,1.6607,24752.09,15476.6,1
8/29/2014,1285.75,19.47,3.135,103.19,82.78,1.6599,24742.06,15424.59,0
8/28/2014,1292,19.75,3.127,102.46,82.52,1.6586,24741,15459.86,1
8/27/2014,1282.75,19.32,3.175,102.72,82.45,1.6577,24918.75,15534.82,0
8/26/2014,1286,19.49,3.182,102.5,82.68,1.654,25074.5,15521.22,1
8/22/2014,1277.25,19.49,3.199,102.29,82.38,1.6571,25112.23,15539.19,0
8/21/2014,1275.25,19.4,3.172,102.63,82.21,1.658,24994.1,15586.2,0
8/20/2014,1295,19.42,3.174,102.28,82.28,1.6596,25159.76,15454.45,1
8/19/2014,1296.5,19.66,3.086,101.56,81.94,1.6617,25122.95,15449.79,1
8/18/2014,1296.75,19.59,3.103,101.6,81.63,1.6728,24955.46,15322.6,1
8/15/2014,1296,19.86,3.097,103.53,81.47,1.6697,24954.94,15318.34,0
8/14/2014,1313.5,19.86,3.086,102.01,81.65,1.6687,24801.36,15314.57,1
8/13/2014,1312,19.9,3.106,104.28,81.66,1.6688,24890.34,15213.63,0
8/12/2014,1315.75,20.08,3.149,103.02,81.56,1.6813,24689.41,15161.31,1
8/11/2014,1307.25,19.85,3.167,104.68,81.53,1.6787,24646.02,15130.52,0
8/8/2014,1309.75,20.13,3.166,105.02,81.45,1.6773,24331.41,14778.37,1
8/7/2014,1305.25,20.07,3.171,105.44,81.61,1.6833,24387.56,15232.37,0
8/6/2014,1306.5,19.78,3.163,104.59,81.51,1.6854,24584.13,15159.79,1
8/5/2014,1284.75,20.2,3.199,104.61,81.61,1.6886,24648.26,15320.31,0
8/4/2014,1290.5,20.35,3.236,105.41,81.41,1.6863,24600.08,15474.5,1
8/1/2014,1291.25,20.34,3.207,104.84,81.38,1.6821,24532.43,15523.11,1
7/31/2014,1285.25,20.69,3.223,106.02,81.52,1.6886,24756.85,15620.77,0
7/30/2014,1294.5,20.54,3.232,106.51,81.52,1.6914,24732.21,15646.23,1
7/29/2014,1299.25,20.64,3.209,107.72,81.31,1.6945,24640.53,15618.07,1
7/28/2014,1304.5,20.63,3.231,107.57,81.12,1.6984,24428.63,15529.4,1
7/25/2014,1294.75,20.46,3.227,108.39,81.12,1.6974,24216.01,15457.87,0
7/24/2014,1292.75,20.84,3.254,107.07,80.96,1.6986,24141.5,15284.42,0
7/23/2014,1308,20.93,3.195,108.03,80.92,1.7044,23971.87,15328.56,1
7/22/2014,1310.25,20.81,3.196,107.33,80.86,1.7065,23782.11,15343.28,1
7/21/2014,1311.5,20.93,3.187,107.68,80.63,1.7075,23387.14,,1
7/18/2014,1307.25,20.94,3.174,107.24,80.59,1.7088,23454.79,15215.71,0
7/17/2014,1302.5,20.78,3.209,107.89,80.57,1.7101,23520.87,15370.26,0
7/16/2014,1301,20.7,3.205,105.85,80.62,1.7138,23523.28,15379.3,0
7/15/2014,1310,20.93,3.239,106.02,80.45,1.7143,23459.96,15395.16,1
7/14/2014,1306,21.13,3.239,106.98,80.23,1.7085,23346.67,15296.82,0
7/11/2014,1335,21.415,3.259,106.66,80.23,1.7125,23233.45,15164.04,1
7/10/2014,1340.25,21.5,3.256,108.67,80.17,1.7132,23238.99,15216.47,1
7/9/2014,1322.75,21.13,3.236,108.28,80.04,1.7158,23176.07,15302.65,0
7/8/2014,1323,21.08,3.243,108.94,80.22,1.7131,23541.38,15314.41,1
7/7/2014,1313,20.95,3.248,110.24,80.27,1.7127,23540.92,15379.44,0
7/4/2014,1319.25,21.12,3.27,110.64,80.28,1.716,23546.36,15437.13,1
7/3/2014,1317.5,21,3.265,111,80.28,1.7154,23531.44,15348.29,0
7/2/2014,1326.5,21.04,3.252,111.24,79.98,1.7166,23549.62,15369.97,1
7/1/2014,1327.5,21.08,3.191,112.29,79.84,1.715,,15326.2,1
6/30/2014,1315,20.87,3.188,112.36,79.81,1.7106,23190.72,15162.1,0
6/27/2014,1317.5,21.04,3.149,113.3,80.09,1.7035,23221.52,15095,1
6/26/2014,1311.75,20.83,3.161,113.21,80.28,1.7027,23197.83,15308.49,0
6/25/2014,1316.75,20.78,3.16,114,80.27,1.6984,22866.7,15266.61,1
6/24/2014,1318.5,21.12,3.147,114.46,80.39,1.6986,22880.64,15376.24,1
6/23/2014,1313.5,20.75,3.146,114.12,80.34,1.7027,22804.81,15369.28,0
6/20/2014,1312.5,20.62,3.118,114.81,80.44,1.7012,23194.06,15349.42,0
6/19/2014,1293,19.94,3.075,115.06,80.4,1.7041,23167.73,15361.16,0
6/18/2014,1269.75,19.73,3.055,114.26,80.67,1.6993,23181.72,15115.8,0
6/17/2014,1267.5,19.55,3.058,113.45,80.72,1.6966,23203.59,14975.97,0
6/16/2014,1276.25,19.67,3.047,112.94,80.47,1.6984,23300.67,14933.29,1
6/13/2014,1273,19.58,3.03,113.41,80.66,1.6965,23319.17,15097.84,0
6/12/2014,1265.75,19.33,3.017,113.02,80.59,1.6928,23175.02,14973.53,0
6/11/2014,1262,19.2,3.042,109.95,80.81,1.6788,23257.29,15069.48,0
6/10/2014,1259.5,19,3.055,109.52,80.85,1.6756,23315.74,14994.8,0
6/9/2014,1253.5,19.11,3.046,109.99,80.68,1.6803,23117.47,15124,0
6/6/2014,1247.5,19.03,3.053,108.61,80.43,1.6803,22951,15077.24,0
6/5/2014,1252.5,18.81,3.091,108.79,80.4,1.6821,23109.66,15079.37,1
6/4/2014,1245.25,18.76,3.094,108.4,80.71,1.6737,23151.71,15067.96,0
6/3/2014,1242.75,18.87,3.146,108.82,80.59,1.6749,23291.04,15034.25,0
6/2/2014,1247.25,18.81,3.179,108.83,80.69,1.6746,23081.65,14935.92,1
5/30/2014,1250.5,19,3.136,109.41,80.4,1.6752,23010.14,14632.38,1
5/29/2014,1255,18.85,3.154,109.97,80.54,1.6717,23080.03,14681.72,1
5/28/2014,1263.5,19.125,3.188,109.81,80.62,1.6711,22944.3,14670.95,1
5/27/2014,1275.5,19.25,3.193,110.02,80.41,1.681,22963.18,14636.52,1
5/23/2014,1291.5,19.42,3.18,110.54,80.45,1.6832,22965.86,14462.17,1
5/22/2014,1298.5,19.56,3.152,110.36,80.31,1.687,22953.76,14337.79,1
5/21/2014,1287.25,19.31,3.131,110.55,80.15,1.6902,22836.52,14042.17,0
5/20/2014,1295.5,19.37,3.156,109.69,80.09,1.6838,22834.68,14075.25,1
5/19/2014,1302,19.55,3.179,109.37,80.05,1.6813,22704.5,14006.44,1
5/16/2014,1291.5,19.33,3.161,109.75,80.11,1.6816,22712.91,14096.59,0
5/15/2014,1299,19.66,3.162,110.44,80.06,1.6789,22730.86,14298.21,1
5/14/2014,1305.25,19.87,3.174,110.19,80.14,1.6766,22582.77,14405.76,1
5/13/2014,1296.5,19.44,3.15,109.24,80.21,1.6826,22352.38,14425.44,0
5/12/2014,1298.75,19.46,3.167,108.41,79.97,1.6868,22261.61,14149.52,1
5/9/2014,1291.25,19.25,3.1,107.89,79.96,1.6851,21862.99,14199.59,0
5/8/2014,1287,19.25,3.083,108.04,79.4,1.6933,21837.12,14163.78,0
5/7/2014,1296,19.64,3.05,108.13,79.24,1.6954,21746.26,14033.45,1
5/6/2014,1306.25,19.64,3.075,107.06,79.13,1.6978,,,1
5/2/2014,1281.25,19.17,3.082,108.59,79.56,1.6866,22260.67,14457.51,0
5/1/2014,1278.5,19.06,3.029,107.76,79.58,1.6893,,14485.13,0
4/30/2014,1288.5,19.28,3.03,108.07,79.53,1.6873,22133.97,14304.11,1
4/29/2014,1297.75,19.33,3.072,108.98,79.88,1.6827,22453.89,,1
4/28/2014,1299,19.6,3.108,108.12,79.76,1.6807,22132.53,14288.23,1
4/25/2014,1301.25,19.66,3.127,109.58,79.82,1.6805,22223.53,14429.26,1
4/24/2014,1291.5,19.06,3.136,110.33,79.88,1.6805,22562.8,14404.99,0
4/23/2014,1285.25,19.46,3.082,109.11,79.94,1.6783,22509.64,14546.27,0
4/22/2014,1286.75,19.51,3.079,109.27,80,1.6824,22730.68,14388.77,1
4/17/2014,1299,19.62,3.07,109.53,79.9,1.6793,22760.24,14417.53,1
4/16/2014,1301.5,19.6,3.05,109.6,79.88,1.6798,22696.01,14417.68,1
4/15/2014,1298,19.77,3.017,108.74,79.89,1.673,22671.26,13996.81,0
4/14/2014,1325.75,19.74,3.067,109.07,79.81,1.6729,23038.8,13910.16,1
4/11/2014,1318,20.09,3.066,107.33,79.52,1.6733,23003.64,13960.05,0
4/10/2014,1320.5,20.24,3.068,107.46,79.45,1.6785,23186.96,14300.12,1
4/9/2014,1301.75,19.89,3.066,107.98,79.55,1.6793,22843.17,14299.69,0
4/8/2014,1309.5,20.15,3.076,107.67,79.83,1.6748,22596.97,14606.88,1
4/7/2014,1299,19.81,3.063,105.82,80.36,1.661,22377.15,14808.85,0
4/4/2014,1297.25,19.93,3.043,106.72,80.57,1.658,22510.08,15063.77,0
4/3/2014,1284,19.83,3.047,106.15,80.64,1.6599,22565.08,15071.88,0
4/2/2014,1292,19.82,3.065,104.79,80.37,1.6626,22523.94,14946.32,1
4/1/2014,1283.75,19.8,3.055,105.62,80.25,1.6629,22448.54,14791.99,0
3/31/2014,1291.75,19.97,3.046,107.76,80.25,1.6663,22151.06,14827.83,1
3/28/2014,1294.75,19.71,3.059,108.07,80.33,1.6638,22065.53,14696.03,1
3/27/2014,1296,19.68,3.037,107.83,80.25,1.6611,21834.45,14622.89,1
3/26/2014,1304,20.03,3.01,107.03,80.17,1.6586,21887.75,14477.16,1
3/25/2014,1313.5,20,3.046,106.99,80.09,1.6529,21732.32,14423.19,1
3/24/2014,1310.75,20.2,2.99,106.81,80.08,1.6498,21846.45,14475.3,0
3/21/2014,1336,20.55,2.994,106.92,80.26,1.6486,21436.7,,1
3/20/2014,1327,20.17,2.976,106.45,80.35,1.6505,21182.16,14224.23,0
3/19/2014,1338,20.75,3.028,105.85,80.13,1.6542,21568.69,14462.52,1
3/18/2014,1355.75,20.94,2.994,106.79,79.54,1.6593,21583.5,14411.27,1
3/17/2014,1378.5,21.22,3.002,106.24,79.31,1.6637,21473.95,14277.67,1
3/14/2014,1385,21.36,3.013,108.57,79.44,1.6646,21539.49,14327.66,1
3/13/2014,1368.75,21.24,2.99,107.39,79.63,1.6625,21756.08,14815.98,0
3/12/2014,1366,20.97,3.026,108.02,79.61,1.662,21901.95,14830.39,0
3/11/2014,1346.25,21.25,3.031,108.55,79.73,1.6617,22269.61,15224.11,0
3/10/2014,1344,20.99,3.111,108.08,79.77,1.6646,22264.93,15120.14,0
3/7/2014,1335.25,21.38,3.156,109,79.72,1.6712,22660.49,15274.07,0
3/6/2014,1345.25,21.11,3.276,108.1,79.67,1.674,22702.97,15134.75,1
3/5/2014,1337,21.32,3.253,107.76,80.12,1.6723,22579.78,14897.63,0
3/4/2014,1334.75,21.15,3.261,109.3,80.18,1.6664,22657.63,14721.48,0
3/3/2014,1349.5,21.46,3.22,111.2,80.09,1.6667,22500.67,14652.23,1
2/28/2014,1326.5,21.27,3.239,109.07,79.72,1.6745,22836.96,14841.07,0
2/27/2014,1332.25,21.38,3.236,108.96,80.31,1.6688,22828.18,14923.11,1
2/26/2014,1331.75,21.845,3.269,109.52,80.46,1.6672,22437.44,14970.97,0
2/25/2014,1339,21.73,3.338,109.51,80.17,1.6681,22317.2,15051.6,1
2/24/2014,1334.75,22.05,3.359,110.64,80.22,1.6657,22388.56,14837.68,0
2/21/2014,1323.25,21.74,3.336,109.85,80.27,1.6617,22568.24,14865.67,0
2/20/2014,1316.25,21.59,3.324,110.3,80.32,1.665,22394.08,14449.18,0
2/19/2014,1320.5,21.75,3.336,110.47,80.19,1.6681,22664.52,14766.53,1
2/18/2014,1320.75,21.37,3.341,110.46,80.05,1.6684,22587.72,14843.24,1
2/17/2014,1327.5,21.65,3.281,109.18,80.18,1.6715,22535.94,14393.11,1
2/14/2014,1320,21.09,3.321,109.08,80.18,1.6746,22298.41,14313.03,0
2/13/2014,1296,20.27,3.307,108.73,80.38,1.666,22165.53,14534.74,0
2/12/2014,1289.5,20.2,3.316,108.79,80.74,1.6596,22285.79,14800.06,0
2/11/2014,1282,20.17,3.27,108.68,80.7,1.645,21962.98,,0
2/10/2014,1277,20.2,3.272,108.63,80.73,1.6401,21579.26,14718.34,0
2/7/2014,1259.25,19.87,3.271,109.57,80.76,1.6412,21636.85,14462.41,0
2/6/2014,1256.5,20.14,3.259,107.19,81,1.6322,21423.13,14155.12,0
2/5/2014,1254.5,19.63,3.215,106.25,81.13,1.6309,21269.38,14180.38,0
2/4/2014,1250.25,19.34,3.217,105.78,81.22,1.6325,21397.77,14008.47,0
2/3/2014,1262,19.27,3.2,106.04,81.11,1.6305,,14619.13,1
1/31/2014,1251,19.31,3.22,106.4,81.4,1.6436,,14914.53,0
1/30/2014,1242.5,19.41,3.238,107.95,81.19,1.6485,22035.42,15007.06,0
1/29/2014,1264,19.68,3.268,107.85,80.58,1.6562,22141.61,15383.91,1
1/28/2014,1251.25,19.72,3.285,107.41,80.66,1.6579,21960.64,14980.16,0
1/27/2014,1260.5,19.83,3.294,106.69,80.61,1.6584,21976.1,15005.73,1
1/24/2014,1267,20.19,3.304,107.88,80.54,1.6483,22450.06,15391.56,1
1/23/2014,1263,20.11,3.322,107.58,80.53,1.6637,22733.9,15695.89,0
1/22/2014,1241,19.87,3.375,108.27,81.31,1.6575,23082.25,15820.96,0
1/21/2014,1238,20.03,3.392,106.73,81.23,1.6476,23033.12,15795.96,0
1/20/2014,1255.75,20.29,3.339,106.35,81.36,1.6432,22928.95,15641.68,1
1/17/2014,1250,20.01,3.378,106.48,81.36,1.6424,23133.35,15734.46,0
1/16/2014,1241.5,20,3.391,107.09,81.02,1.6354,22986.41,15747.2,0
1/15/2014,1236,20.09,3.406,107.13,81.14,1.6371,22902,15808.73,0
1/14/2014,1251.5,20.27,3.388,106.39,80.76,1.6441,22791.28,15422.4,1
1/13/2014,1248,20.09,3.4,106.75,80.61,1.6382,22888.76,,0
1/10/2014,1244.25,19.8,3.387,107.25,80.75,1.6482,22846.25,15912.06,0
1/9/2014,1226,19.54,3.354,106.39,81.14,1.6481,22787.33,15880.33,0
1/8/2014,1221,19.52,3.393,107.15,81.16,1.6448,22996.59,16121.45,0
1/7/2014,1227.5,20.02,3.411,107.35,80.98,1.6403,22712.78,15814.37,1
1/6/2014,1246.25,20.04,3.412,106.73,80.81,1.6405,22684.15,15908.88,1
1/3/2014,1234.5,20.18,3.406,106.89,80.95,1.6417,22817.28,,0
1/2/2014,1225,19.94,3.432,107.78,80.79,1.6454,23340.05,,0
12/31/2013,,19.5,3.442,110.8,80.19,1.6558,23306.39,,1
12/30/2013,1204.5,19.65,3.421,111.21,80.12,1.6502,23244.87,16291.31,0
12/27/2013,1214.5,19.92,3.47,112.18,80.54,1.6481,23243.24,16178.94,1
12/24/2013,,19.4,3.417,111.9,80.67,1.6376,23179.55,15889.33,1
12/23/2013,1199,19.37,3.35,111.56,80.62,1.6356,22921.56,,0
12/20/2013,1195.25,19.33,3.348,111.77,80.75,1.6336,22812.18,15870.42,0
12/19/2013,1196,19.34,3.341,110.29,80.79,1.637,22888.75,15859.22,1
12/18/2013,1230.5,19.94,3.361,109.63,80.25,1.6392,23143.82,15587.8,1
12/17/2013,1231.75,20.02,3.367,108.44,80.21,1.6264,23069.23,15278.63,1
12/16/2013,1234.75,19.5,3.376,110.47,80.05,1.6298,23114.66,15152.91,1
12/13/2013,1232,19.55,3.352,108.83,80.22,1.6299,23245.96,15403.11,0
12/12/2013,1225.25,19.8,3.332,108.67,80.21,1.635,23218.12,15341.82,0
12/11/2013,1260.75,20.39,3.332,109.7,79.89,1.6375,23338.24,15515.06,1
12/10/2013,1266.25,20.05,3.301,109.38,79.96,1.6446,23744.19,15611.31,1
12/9/2013,1237,19.5,3.296,109.39,80.14,1.643,23811.17,15650.21,0
12/6/2013,1233,19.49,3.269,111.61,80.31,1.6349,23743.1,15299.86,0
12/5/2013,1222.5,19.46,3.261,110.98,80.24,1.6335,23712.57,15177.49,0
12/4/2013,1227.5,19.05,3.272,111.88,80.63,1.6384,23728.7,15407.94,1
12/3/2013,1217.25,19.17,3.201,112.62,80.62,1.6392,23910.47,15749.66,0
12/2/2013,1229.5,19.75,3.217,111.45,80.94,1.6357,24038.55,15655.07,1
11/29/2013,1253,19.93,3.231,109.69,80.66,1.6367,23881.29,15661.87,1
11/28/2013,1245.5,19.76,3.2,110.86,80.75,1.6342,23789.09,15727.12,0
11/27/2013,1245,19.98,3.2,111.31,80.75,1.6288,23806.35,15449.63,0
11/26/2013,1247.5,20.11,3.229,110.88,80.64,1.6216,23681.28,15515.24,1
11/25/2013,1243,19.71,3.239,111,80.96,1.6156,23684.45,15619.13,0
11/22/2013,1246.25,19.93,3.227,111.05,80.74,1.6226,23696.28,15381.72,1
11/21/2013,1240,19.97,3.197,110.08,81.12,1.62,23580.29,15365.6,0
11/20/2013,1257,20.24,3.162,108.06,81.17,1.6105,23700.86,15076.08,1
11/19/2013,1275.75,20.44,3.162,106.92,80.74,1.6121,23657.81,15126.56,1
11/18/2013,1283.5,20.64,3.154,108.47,80.83,1.611,23660.06,15164.3,1
11/15/2013,1287.25,20.635,3.173,108.5,80.9,1.6121,23032.15,15165.92,1
11/14/2013,1286,20.78,3.161,108.54,81.09,1.6065,22649.15,14876.41,0
11/13/2013,1272.5,20.7,3.164,107.12,80.98,1.6058,22463.83,14567.16,0
11/12/2013,1281.25,21.1,3.236,105.81,81.25,1.5905,22901.41,14588.68,1
11/11/2013,1282.5,21.395,3.262,106.4,81.2,1.599,23069.85,14269.84,1
11/8/2013,1285.5,21.7,3.253,105.12,81.39,1.6018,22744.39,14086.8,1
11/7/2013,1307.25,21.75,3.249,103.46,80.85,1.6097,22881.03,14228.44,1
11/6/2013,1319,21.94,3.235,105.24,80.56,1.6081,23036.94,14337.31,1
11/5/2013,1307.25,21.6,3.252,105.33,80.79,1.6045,23038.95,14225.37,0
11/4/2013,1320.5,21.85,3.248,106.23,80.64,1.5968,23189.62,,1
11/1/2013,1306.75,21.75,3.293,105.91,80.81,1.5926,23249.79,14201.57,0
10/31/2013,1324,22.2,3.295,108.84,80.26,1.6042,23206.37,14327.94,1
10/30/2013,1354.75,22.74,3.321,109.86,79.84,1.6039,23304.02,14502.35,1
10/29/2013,1349.25,22.31,3.276,109.01,79.67,1.6047,22846.54,14325.98,0
10/28/2013,1361,22.54,3.261,109.61,79.31,1.6142,22806.58,14396.04,1
10/25/2013,1347.75,22.35,3.265,106.93,79.25,1.6166,22698.34,14088.19,0
10/24/2013,1344.75,22.67,3.261,106.99,79.25,1.6201,22835.82,14486.41,0
10/23/2013,1331.25,22.53,3.267,107.8,79.33,1.6164,22999.95,14426.05,0
10/22/2013,1333,22.06,3.329,109.97,79.29,1.6236,23315.99,14713.25,1
10/21/2013,1317.5,22.09,3.296,109.64,79.75,1.6147,23438.15,14693.57,0
10/18/2013,1316.5,21.87,3.293,109.94,79.73,1.6167,23340.1,14561.54,0
10/17/2013,1319.25,21.72,3.289,109.11,79.72,1.6164,23094.88,14586.51,1
10/16/2013,1273.5,21.32,3.3,110.86,80.56,1.5951,23228.33,14467.14,0
10/15/2013,1270.5,20.49,3.304,109.96,80.56,1.5998,23336.52,14441.54,0
10/14/2013,1285.5,21.52,3.3,111.04,80.31,1.5984,,,1
10/11/2013,1265.5,21.52,3.265,111.28,80.45,1.5956,23218.32,14404.74,0
10/10/2013,1298.5,21.93,3.241,111.8,80.52,1.5965,22951.3,14194.71,1
10/9/2013,1304,22.1,3.221,109.06,80.47,1.5956,23033.97,14037.84,1
10/8/2013,1329.5,22.3,3.282,110.16,80.13,1.6084,23178.85,13894.61,1
10/7/2013,1323.5,21.77,3.289,109.68,80.03,1.6097,22973.95,13853.32,0
10/4/2013,1309.75,21.65,3.293,109.46,80.22,1.601,23138.54,14024.31,0
10/3/2013,1316,21.57,3.262,109,79.85,1.6156,23214.4,14157.25,1
10/2/2013,1306.25,21.14,3.312,109.19,79.99,1.6223,22984.48,14170.49,0
10/1/2013,1290.75,21.7,3.272,107.94,80.25,1.6195,,14484.72,0
9/30/2013,1326.5,21.68,3.321,108.37,80.32,1.6186,22859.86,14455.8,1
9/27/2013,1341,21.61,3.325,108.63,80.38,1.6139,23207.04,14760.07,1
9/26/2013,1333,21.97,3.304,109.21,80.64,1.6041,23125.03,14799.12,0
9/25/2013,1322.75,21.68,3.28,108.32,80.44,1.608,23209.63,14620.53,0
9/24/2013,1314.25,21.44,3.265,108.64,80.69,1.6003,23179.04,14732.61,0
9/23/2013,1323,21.68,3.308,108.16,80.57,1.6042,23371.54,,1
9/20/2013,1349.25,22.74,3.328,109.22,80.55,1.6006,,14742.42,1
9/19/2013,1365.5,23,3.35,108.76,80.48,1.6031,23502.51,14766.18,1
9/18/2013,1301,21.47,3.284,110.6,80.37,1.6146,23117.45,14505.36,0
9/17/2013,1312.25,21.97,3.228,108.19,81.3,1.5904,23180.52,14311.67,1
9/16/2013,1324,21.88,3.227,110.07,81.07,1.5896,23252.41,,1
9/13/2013,1318.5,21.72,3.207,112.78,81.45,1.5875,22915.28,14404.67,0
9/12/2013,1328,22.67,3.212,112.63,81.49,1.5806,22953.72,14387.27,1
9/11/2013,1363.75,22.91,3.256,111.5,81.52,1.5818,22937.14,14425.07,1
9/10/2013,1358.25,23.32,3.261,111.25,81.82,1.5735,22976.65,14423.36,0
9/9/2013,1390,23.64,3.276,113.72,81.8,1.5694,22750.65,14205.23,1
9/6/2013,1387,23.05,3.258,116.12,82.17,1.5631,22621.22,13860.81,0
9/5/2013,1385,23.52,3.241,115.26,82.67,1.5591,22597.97,14064.82,0
9/4/2013,1390,23.71,3.236,114.91,82.2,1.5627,22326.22,14053.87,1
9/3/2013,1399.5,24.21,3.296,115.68,82.4,1.556,22394.58,13978.44,1
9/2/2013,1392.25,23.97,3.308,114.33,82.14,1.5546,22175.34,13572.92,0
8/30/2013,1394.75,23.64,3.225,114.01,82.14,1.551,21731.37,13388.86,1
8/29/2013,1407.75,24.11,3.244,115.16,82,1.5504,21704.78,13459.71,1
8/28/2013,1419.5,24.74,3.307,116.61,81.47,1.5526,21524.65,13338.46,1
8/27/2013,1419.25,24.29,3.333,114.36,81.2,1.5547,21874.77,13542.37,0
8/23/2013,1377.5,23.06,3.352,111.04,81.39,1.5568,22005.32,13660.55,0
8/22/2013,1375.5,23.07,3.333,109.9,81.53,1.5588,21863.51,13365.17,0
8/21/2013,1363,22.94,3.312,109.81,81.22,1.5659,21895.4,13424.33,0
8/20/2013,1372.5,22.87,3.34,110.15,80.93,1.5667,21817.73,13396.38,1
8/19/2013,1365,23.23,3.337,109.9,81.26,1.5649,21970.29,13758.13,0
8/16/2013,1369.25,22.83,3.365,110.4,81.29,1.563,22463.7,13650.11,1
8/15/2013,1329.75,22,3.338,111.11,81.21,1.5641,22517.81,13752.94,0
8/14/2013,1326.5,21.5,3.341,110.2,81.76,1.55,22539.25,14050.16,0
8/13/2013,1328.5,21.46,3.318,109.82,81.81,1.5449,22541.13,13867,1
8/12/2013,1341,20.835,3.307,108.97,81.37,1.5463,22271.28,13519.43,1
8/9/2013,1309,20.31,3.308,108.22,81.17,1.55,21807.56,13615.19,0
8/8/2013,1298.25,19.73,3.271,106.68,81.03,1.5538,21655.88,13605.56,0
8/7/2013,1282.5,19.27,3.178,107.44,81.32,1.5489,21588.84,13824.94,0
8/6/2013,1280.5,19.78,3.172,108.18,81.66,1.5348,21923.7,14401.06,0
8/5/2013,1304.75,19.76,3.167,108.7,81.94,1.5358,22222.01,14258.04,1
8/2/2013,1309.25,19.46,3.17,108.95,81.98,1.5289,22190.97,14466.16,1
8/1/2013,1315,19.72,3.164,109.54,82.43,1.512,22088.79,14005.77,1
7/31/2013,1314.5,19.94,3.119,107.7,81.54,1.5208,21883.66,13668.32,0
7/30/2013,1324.15,19.68,3.041,106.91,81.92,1.5237,21953.96,13869.82,1
7/29/2013,1329.75,20.1,3.116,107.45,81.76,1.5338,21850.15,13661.13,1
7/26/2013,1331,20.02,3.109,107.17,81.76,1.5381,21968.95,14129.98,1
7/25/2013,1326,19.92,3.188,107.65,82.05,1.5392,21900.96,14562.93,0
7/24/2013,1335,20.395,3.182,107.19,82.4,1.5315,21968.93,14731.28,1
7/23/2013,1333.5,20.18,3.198,108.42,82.04,1.5369,21915.42,14778.51,0
7/22/2013,1327,19.95,3.189,108.15,82.32,1.536,21416.5,14658.04,0
7/19/2013,1295.75,19.42,3.15,108.07,82.71,1.5268,21362.42,14589.91,0
7/18/2013,1283.25,19.49,3.143,108.7,82.95,1.523,21345.22,14808.5,0
7/17/2013,1297.25,19.83,3.14,108.61,82.84,1.5213,21371.87,14615.04,1
7/16/2013,1291.5,19.95,3.2,109.4,82.64,1.5161,21312.38,14599.12,0
7/15/2013,1284.75,19.82,3.161,109.09,83.2,1.5099,21303.31,,0
7/12/2013,1279.75,19.66,3.171,108.81,83.16,1.5108,21277.28,14506.25,0
7/11/2013,1285,19.85,3.183,107.73,82.92,1.5185,21437.49,14472.58,1
7/10/2013,1256,19.37,3.101,108.51,84.23,1.5011,20904.56,14416.6,0
7/9/2013,1255.5,19.1,3.076,107.81,84.78,1.4867,20683.01,14472.9,0
7/8/2013,1235.25,19.16,3.111,107.43,84.41,1.4951,20582.19,14109.34,0
7/5/2013,1212.75,19.32,3.08,107.72,84.69,1.4889,20854.67,14309.97,0
7/4/2013,1251.75,19.57,3.147,105.54,83.45,1.5072,20468.67,14018.93,1
7/3/2013,1250,19.55,3.174,105.76,83.45,1.5279,20147.31,14055.56,0
7/2/2013,1252.5,19.62,3.142,104,83.76,1.5154,20658.65,14098.74,1
7/1/2013,1242.75,19.44,3.155,103,83.25,1.5217,,13852.5,0
6/28/2013,1192,18.86,3.05,102.16,83.38,1.5212,20803.29,13677.32,0
6/27/2013,1232.75,18.61,3.053,102.82,83.15,1.5258,20440.08,13213.55,1
6/26/2013,1236.25,18.67,3.041,101.66,83.23,1.5315,20338.55,12834.01,1
6/25/2013,1279,19.77,3.071,101.26,82.8,1.5424,19855.72,12969.34,1
6/24/2013,1286.75,19.65,3.026,101.16,82.63,1.5433,19813.98,13062.78,1
6/21/2013,1295.25,19.87,3.096,100.91,82.52,1.5418,20263.31,13230.13,1
6/20/2013,1292.5,20.24,3.062,102.15,82.1,1.5509,20382.87,13014.58,0
6/19/2013,1372.75,21.62,3.143,106.12,81.59,1.5486,20986.89,13245.22,1
6/18/2013,1366.75,21.8,3.157,106.02,80.75,1.5643,21225.88,13007.28,0
6/17/2013,1384.75,21.87,3.202,105.47,80.73,1.5721,21225.9,13033.12,1
6/14/2013,1391.25,21.69,3.204,105.93,80.65,1.5705,20969.14,12686.52,1
6/13/2013,1385,21.83,3.185,104.25,80.74,1.5719,20887.04,12445.38,0
6/12/2013,1382.75,21.78,3.225,103.49,80.95,1.5679,,13289.32,0
6/11/2013,1374.25,21.58,3.193,102.96,81.11,1.5649,21354.66,13317.62,0
6/10/2013,1383.25,21.81,3.239,103.95,81.65,1.5572,21615.09,13514.2,1
6/7/2013,1386,22.6,3.266,104.56,81.66,1.5558,21575.26,12877.53,1
6/6/2013,1400,22.62,3.316,103.61,81.54,1.5602,21838.43,12904.02,1
6/5/2013,1404,22.37,3.367,103.04,82.61,1.5406,22069.24,13014.87,1
6/4/2013,1399.5,22.51,3.365,103.24,82.8,1.5313,22285.52,13533.76,0
6/3/2013,1402.5,22.43,3.327,102.06,82.69,1.5321,22282.19,13261.82,1
5/31/2013,1394.5,22.57,3.289,100.39,83.4,1.5199,22392.16,13774.54,0
5/30/2013,1413.5,22.68,3.311,102.19,83.07,1.5233,22484.31,13589.03,1
5/29/2013,1382.5,22.36,3.291,102.43,83.7,1.5131,22554.93,14326.46,0
5/28/2013,1376.5,22.36,3.312,104.23,84.17,1.5042,22924.25,14311.98,0
5/24/2013,1390.25,22.38,3.292,102.64,83.76,1.5127,22686.05,14612.45,1
5/23/2013,1380.5,22.47,3.3,102.44,83.8,1.5108,22618.67,14483.98,0
5/22/2013,1408.5,22.62,3.377,102.6,84.46,1.5049,22669.68,15627.26,1
5/21/2013,1360.75,22.44,3.339,103.91,83.95,1.5155,23261.08,15381.02,0
5/20/2013,1354.75,21.66,3.357,104.8,83.84,1.5255,23366.37,15360.81,0
5/17/2013,1368.75,22.52,3.321,104.64,84.39,1.5171,23493.03,15138.12,1
5/16/2013,1381,22.26,3.292,103.8,83.72,1.5271,23082.68,15037.24,1
5/15/2013,1410,22.87,3.267,103.68,83.96,1.5235,23044.24,15096.03,1
5/14/2013,1433.75,23.44,3.291,102.6,83.71,1.5212,22930.28,14758.42,1
5/13/2013,1430.75,23.66,3.362,102.82,83.36,1.5298,22989.81,14782.21,0
5/10/2013,1426.5,23.37,3.356,103.91,83.23,1.5365,23321.22,14607.54,0
5/9/2013,1465.5,24.07,3.341,104.47,82.88,1.5449,23211.48,14191.48,1
5/8/2013,1468,23.86,3.371,104.34,81.95,1.5534,23244.35,14285.69,1
5/7/2013,1444.25,23.75,3.3,104.4,82.33,1.5486,23047.09,14180.24,0
5/3/2013,1469.25,24.25,3.313,104.19,82.19,1.5573,22915.09,,1
5/2/2013,1469.25,23.69,3.104,102.85,82.28,1.5535,22689.96,13694.04,1
5/1/2013,1454.75,23.97,3.083,99.95,81.52,1.5555,22668.3,13799.35,0
4/30/2013,1469,24.42,3.188,102.37,81.81,1.5533,22737.01,13860.86,1
4/29/2013,1467.5,24.27,3.225,103.81,82.2,1.5501,22580.77,,0
4/26/2013,1471.5,24.02,3.185,103.16,82.57,1.5479,22547.71,13884.13,1
4/25/2013,1451,23.3,3.238,103.41,82.84,1.5433,22401.24,13926.08,0
4/24/2013,1428.5,22.91,3.158,101.73,83.03,1.5268,22183.05,13843.46,0
4/23/2013,1408,23.01,3.094,100.31,83.19,1.5238,21806.61,13529.65,0
4/22/2013,1424.5,23.6,3.132,100.39,82.82,1.5293,22044.37,13568.37,1
4/19/2013,1405.5,23.66,3.151,99.65,82.85,1.5232,22013.57,13316.48,0
4/18/2013,1393.75,23.51,3.204,99.13,82.68,1.528,21512.52,13220.07,0
4/17/2013,1392,23.31,3.188,97.69,82.79,1.5238,21569.67,13382.89,0
4/16/2013,1380,23.47,3.307,99.91,81.82,1.5362,21672.03,13221.44,0
4/15/2013,1395,23.54,3.28,100.39,82.51,1.5285,21772.67,13275.66,1
4/12/2013,1535.5,27.4,3.349,103.11,82.41,1.5342,22089.05,13485.14,1
4/11/2013,1565,27.57,3.428,104.27,82.33,1.5384,22101.27,13549.16,1
4/10/2013,1575,27.74,3.414,105.79,82.63,1.5331,22034.56,13288.13,1
4/9/2013,1577.25,27.25,3.438,106.23,82.41,1.5322,21870.34,13192.35,1
4/8/2013,1575,27.27,3.368,104.66,82.87,1.5254,21718.05,13192.59,0
4/5/2013,1568,26.97,3.34,104.12,82.6,1.5335,21726.9,12833.64,0
4/4/2013,1546.5,26.8,3.345,106.34,82.8,1.5235,,12634.54,0
4/3/2013,1574.75,27.19,3.325,107.11,82.86,1.5128,22337.49,12362.2,1
4/2/2013,1583.5,27.96,3.372,110.69,83.09,1.5104,22367.82,12003.43,1
3/28/2013,1598.25,28.64,3.395,110.02,83.17,1.5193,22299.63,12335.96,1
3/27/2013,1603,28.33,3.435,109.69,83.41,1.5131,22464.82,12493.79,1
3/26/2013,1598,28.83,3.433,109.36,83.05,1.5159,22311.08,12471.62,0
3/25/2013,1599.25,28.67,3.435,108.17,83,1.5174,22251.15,12546.46,1
3/22/2013,1607.75,29.06,3.454,107.66,82.53,1.5231,22115.3,12338.53,1
3/21/2013,1613.75,28.91,3.423,107.47,82.91,1.5173,22225.88,12635.69,1
3/20/2013,1607.5,28.9,3.436,108.72,82.95,1.5097,22256.44,,0
3/19/2013,1610.75,28.85,3.396,107.45,83.21,1.5099,22041.86,12468.23,1
3/18/2013,1603.75,28.8,3.417,109.51,82.57,1.5106,22083.36,12220.63,0
3/15/2013,1595.5,28.91,3.508,109.82,82.26,1.5116,22533.11,12560.95,0
3/14/2013,1586,28.64,3.523,109.42,82.62,1.5082,22619.18,12381.19,0
3/13/2013,1589.25,29.12,3.51,108.52,82.9,1.4922,22556.65,12239.66,1
3/12/2013,1594,29.25,3.538,109.65,82.59,1.4904,22890.6,12314.81,1
3/11/2013,1579,28.9,3.5,110.22,82.58,1.4914,23090.82,12349.05,0
3/8/2013,1581.75,28.78,3.491,110.85,82.73,1.4917,23091.95,12283.62,1
3/7/2013,1579.5,29.01,3.502,111.15,82.12,1.5014,22771.44,11968.08,0
3/6/2013,1574,28.74,3.474,111.06,82.51,1.5018,22777.84,11932.27,0
3/5/2013,1579.75,28.93,3.497,111.61,82.15,1.5127,22560.5,11683.45,1
3/4/2013,1574.25,28.69,3.483,110.09,82.25,1.5115,22537.81,11652.29,0
3/1/2013,1582.25,28.01,3.482,110.4,82.36,1.5038,22880.22,11606.38,1
2/28/2013,1588.5,28.95,3.527,111.38,82,1.5162,23020.27,11559.36,1
2/27/2013,1604.25,29.07,3.545,111.87,81.67,1.5159,22577.01,11253.97,1
2/26/2013,1590.5,28.75,3.567,112.71,81.94,1.5124,22519.69,11398.81,0
2/25/2013,1586.25,29.17,3.541,114.44,81.78,1.5163,22820.08,11662.52,0
2/22/2013,1576.5,28.79,3.53,114.1,81.58,1.5163,22782.44,11385.94,0
2/21/2013,1577,28.72,3.55,113.53,81.55,1.5254,22906.67,11309.13,1
2/20/2013,1588.5,29.11,3.606,115.6,81.16,1.5234,23307.41,11468.28,1
2/19/2013,1607.75,30,3.644,117.52,80.55,1.5424,23143.91,11372.34,1
2/18/2013,1610.75,30,3.691,117.38,80.58,1.5466,23381.94,11407.87,1
2/15/2013,1612.25,30.18,3.731,117.66,80.58,1.5518,23444.56,11173.83,1
2/14/2013,1646,30.88,3.73,118,80.54,1.5494,23413.25,11307.28,1
2/13/2013,1645,31.035,3.734,118.72,80.17,1.5543,,11251.41,0
2/12/2013,1647.5,30.84,3.736,118.66,80.16,1.5663,,11369.12,1
2/11/2013,1652,31.16,3.718,118.13,80.39,1.5659,,,1
2/8/2013,1668.25,31.52,3.753,118.9,80.32,1.5798,23215.16,11153.16,1
2/7/2013,1668,31.75,3.72,117.24,80.26,1.5716,23177,11357.07,0
2/6/2013,1674.25,31.7,3.733,116.73,79.77,1.5662,23256.93,11463.75,1
2/5/2013,1673.5,32.01,3.761,116.52,79.53,1.5658,23148.53,11046.92,0
2/4/2013,1666,31.51,3.759,115.6,79.57,1.5762,23685.01,11260.35,0
2/1/2013,1669,31.43,3.776,116.76,79.14,1.5693,23721.84,11191.34,1
1/31/2013,1664.75,32.03,3.724,115.55,79.23,1.5857,23729.53,11138.66,0
1/30/2013,1677.5,31.35,3.74,114.9,79.33,1.5801,23822.06,11113.95,1
1/29/2013,1663.5,31.06,3.678,114.36,79.62,1.5763,23655.17,10866.72,0
1/28/2013,1656.5,30.87,3.649,113.48,79.87,1.5695,23671.88,10824.31,0
1/25/2013,1660,31.56,3.639,113.28,79.82,1.5803,23580.43,10926.65,1
1/24/2013,1671,31.85,3.664,113.28,80.01,1.5789,23598.9,10620.87,1
1/23/2013,1690.25,32.23,3.671,112.8,79.99,1.5846,23635.1,10486.99,1
1/22/2013,1690.5,31.94,3.691,112.42,79.97,1.584,23658.99,10709.93,1
1/21/2013,1687.5,31.9,3.67,111.71,80.12,1.583,23590.91,10747.74,0
1/18/2013,1688.5,31.82,3.663,111.89,80.12,1.5868,23601.78,10913.3,1
1/17/2013,1675,31.5,3.647,111.1,79.71,1.5993,23339.76,10609.64,0
1/16/2013,1676.25,31.23,3.591,110.61,79.85,1.6007,23356.99,10600.44,1
1/15/2013,1680.5,31.19,3.623,110.3,79.83,1.6066,23381.51,10879.08,1
1/14/2013,1666.5,30.76,3.619,111.88,79.54,1.6078,23413.26,,0
1/11/2013,1657.5,30.67,3.639,110.64,79.61,1.6133,23264.07,10801.57,0
1/10/2013,1675,30.49,3.695,111.89,79.82,1.6167,23354.31,10652.64,1
1/9/2013,1657.75,30.39,3.656,111.76,80.68,1.6022,23218.47,10578.57,0
1/8/2013,1656,30.39,3.657,111.94,80.44,1.6056,23111.19,10508.06,0
1/7/2013,1645.25,30.14,3.663,111.4,80.37,1.6114,23329.75,10599.01,0
1/4/2013,1648,29.32,3.679,111.31,80.61,1.6072,23331.09,10688.11,1
1/3/2013,1679.5,30.91,3.701,112.14,80.52,1.6107,23398.6,,1
1/2/2013,1693.75,30.87,3.724,112.47,79.95,1.6256,23311.98,,1
12/31/2012,,29.95,3.641,111.11,79.87,1.6253,22656.92,10395.18,0
12/28/2012,1657.5,30.15,3.578,110.62,79.78,1.6171,22666.59,10322.98,1
12/27/2012,1655.5,29.75,3.59,110.8,79.72,1.6099,22619.78,10230.36,0
12/24/2012,,30.19,3.534,108.8,79.75,1.6123,22541.18,10080.12,0
12/21/2012,1651.5,29.89,3.555,108.97,79.71,1.6173,22506.29,9940.06,1
12/20/2012,1650.5,31.12,3.525,110.2,79.31,1.628,22659.78,10039.33,0
12/19/2012,1665,31.37,3.595,110.36,79.31,1.6246,22623.37,10160.4,1
12/18/2012,1694,32.38,3.636,108.84,79.39,1.6252,22494.73,9923.01,1
12/17/2012,1695.75,32.21,3.649,107.64,79.51,1.6204,22513.61,9828.88,1
12/14/2012,1696.25,32.52,3.665,109.15,79.56,1.6167,22605.98,9737.56,1
12/13/2012,1692.75,32.69,3.644,107.91,79.91,1.6112,22445.58,9742.73,0
12/12/2012,1716.25,33.1,3.7,109.5,79.81,1.6149,22503.35,9581.46,1
12/11/2012,1710,33.17,3.671,108.01,80.05,1.6115,22323.94,9525.32,0
12/10/2012,1712.5,33.34,3.691,107.33,80.33,1.6076,22276.72,9533.75,1
12/7/2012,1701.5,32.85,3.647,107.02,80.4,1.6038,22191.17,9527.39,0
12/6/2012,1694.25,32.83,3.627,107.03,80.25,1.6051,22249.81,9545.16,0
12/5/2012,1694,33.07,3.667,108.81,79.76,1.6097,22270.91,9468.84,0
12/4/2012,1697.75,33.3,3.634,109.84,79.63,1.6101,21799.97,9432.46,1
12/3/2012,1720,33.42,3.64,110.92,79.87,1.609,21767.85,9458.18,1
11/30/2012,1726,34.28,3.63,111.23,80.16,1.6013,22030.39,9446.01,1
11/29/2012,1725,33.76,3.588,110.76,80.21,1.6041,21922.89,9400.88,0
11/28/2012,1708,33.85,3.522,109.51,80.35,1.6014,21708.98,9308.35,0
11/27/2012,1746.25,34.05,3.537,109.87,80.43,1.6022,21844.03,9423.3,1
11/26/2012,1750.5,34.08,3.536,110.92,80.27,1.6027,21861.81,9388.94,1
11/23/2012,1734.5,33.41,3.527,111.38,80.24,1.6033,21913.98,,0
11/22/2012,1731,33.29,3.502,110.55,80.97,1.5938,21743.2,9366.8,0
11/21/2012,1724,33.01,3.496,110.86,80.97,1.5952,21524.36,9222.52,0
11/20/2012,1732.25,33.19,3.515,109.83,81,1.5926,21228.28,9142.64,1
11/19/2012,1730.5,32.67,3.527,111.7,80.92,1.591,21262.06,9153.2,0
11/16/2012,1713.5,32.27,3.454,108.95,81.31,1.5886,21159.01,9024.16,0
11/15/2012,1710,32.57,3.465,110.98,81.14,1.5867,21108.93,8829.72,0
11/14/2012,1725.75,32.48,3.455,109.61,81.1,1.5841,21441.99,8664.73,1
11/13/2012,1726.25,32.58,3.473,108.26,81.14,1.5872,21188.65,8661.05,1
11/12/2012,1735.25,32.63,3.473,109.07,81.11,1.5876,21430.3,8676.44,1
11/9/2012,1738.25,32.16,3.45,109.4,81.1,1.5897,21384.38,8757.6,1
11/8/2012,1717,31.7,3.47,107.25,80.89,1.5982,21566.91,8837.15,0
11/7/2012,1715.25,32.14,3.443,106.82,80.87,1.5986,22099.85,8972.89,0
11/6/2012,1691,31.4,3.506,111.07,80.72,1.5997,21944.43,8975.15,0
11/5/2012,1683.5,30.91,3.47,107.73,80.84,1.5979,22006.4,9007.44,0
11/2/2012,1685,31.92,3.483,105.68,80.68,1.6025,22111.33,9051.22,1
11/1/2012,1716.25,32.66,3.555,108.17,80.14,1.6131,21821.87,8946.87,1
10/31/2012,1719,32.28,3.527,108.7,79.99,1.613,21641.82,8928.29,1
10/30/2012,1710,31.98,3.506,109.08,79.99,1.6075,21428.58,8841.98,0
10/29/2012,1707,31.82,3.5,109.44,80.32,1.6033,21511.05,8929.34,0
10/26/2012,1716,31.67,3.563,109.55,80.16,1.6105,21545.57,8933.06,1
10/25/2012,1715.5,32.08,3.564,108.49,80.12,1.6118,21810.23,9055.2,0
10/24/2012,1706.5,31.95,3.576,107.85,80.02,1.6038,21763.78,8954.3,0
10/23/2012,1711,31.71,3.576,108.25,80.08,1.5953,,9014.25,1
10/22/2012,1726.75,32.17,3.626,109.44,79.74,1.6015,21697.55,9010.71,1
10/19/2012,1737,32.33,3.648,110.14,79.69,1.6005,21551.76,9002.68,1
10/18/2012,1743,32.99,3.747,112.42,79.42,1.6045,21518.71,8982.86,1
10/17/2012,1749,33.03,3.752,113.22,79.06,1.6148,21416.64,8806.55,1
10/16/2012,1746.5,32.8,3.708,115.07,79.46,1.6111,21207.07,8701.31,0
10/15/2012,1736,33.22,3.712,115.8,79.81,1.6071,21148.25,8577.93,0
10/12/2012,1766.75,33.79,3.715,114.62,79.74,1.6072,21136.43,8534.12,1
10/11/2012,1769,34.25,3.759,115.71,79.86,1.6045,20999.05,8546.78,1
10/10/2012,1761.25,33.79,3.729,114.33,80.02,1.6005,20919.6,8596.23,0
10/9/2012,1774,33.87,3.729,114.5,80.07,1.6003,20937.28,8769.59,1
10/8/2012,1773.5,33.85,3.727,111.82,79.62,1.6027,20824.56,,0
10/5/2012,1784,34.85,3.786,112.02,79.43,1.6137,21012.38,8863.3,1
10/4/2012,1791.75,34.96,3.794,112.58,79.44,1.6191,20907.95,8824.59,1
10/3/2012,1775.25,34.72,3.794,108.17,80.06,1.6076,20888.28,8746.87,0
10/2/2012,1775.5,34.85,3.807,111.57,79.83,1.6133,,8786.05,1
10/1/2012,1787,34.35,3.793,112.19,79.91,1.6131,,8796.51,1
9/28/2012,1776,34.65,3.773,112.39,80.03,1.6166,20840.38,8870.16,0
9/27/2012,1763,33.95,3.748,112.01,79.59,1.6237,20762.29,8949.87,0
9/26/2012,1744.75,33.88,3.714,110.04,79.95,1.6166,20527.73,8906.7,0
9/25/2012,1771.5,34.01,3.773,110.45,79.61,1.6188,20698.68,9091.54,1
9/24/2012,1762.5,33.73,3.745,109.81,79.58,1.622,20694.7,9069.29,0
9/21/2012,1784.5,34.69,3.804,111.42,79.4,1.6228,20734.94,9110,1
9/20/2012,1758.5,34.25,3.772,110.03,79.48,1.6216,20590.92,9086.98,0
9/19/2012,1766.75,34.65,3.829,108.19,79.13,1.6222,20841.91,9232.21,1
9/18/2012,1769.5,34.06,3.803,112.03,79.35,1.6244,20601.93,9123.77,1
9/17/2012,1770,34.53,3.81,113.79,78.84,1.6249,20658.11,,1
9/14/2012,1775.5,34.71,3.852,116.66,78.84,1.6217,20629.78,9159.39,1
9/13/2012,1733.25,33,3.727,116.9,79.24,1.6155,20047.63,8995.15,0
9/12/2012,1737,33.93,3.71,115.96,79.72,1.6107,20075.39,8959.96,1
9/11/2012,1736.75,33.52,3.715,115.4,79.84,1.607,19857.88,8807.38,0
9/10/2012,1732,33.6,3.7,114.81,80.34,1.599,19827.17,8869.37,0
9/7/2012,1728,32.22,3.656,114.25,80.23,1.6006,19802.16,8871.65,0
9/6/2012,1701,32.87,3.523,113.49,81.03,1.5932,19209.3,8680.57,0
9/5/2012,1690,32.1,3.532,113.09,81.23,1.5902,19145.07,8679.82,0
9/4/2012,1697,32.08,3.469,114.18,81.32,1.587,19429.91,8775.51,1
9/3/2012,1691.5,31.74,3.485,115.78,81.22,1.5887,19559.21,8783.89,0
8/31/2012,1648.5,30.52,3.454,114.57,81.22,1.5866,19482.57,8839.91,0
8/30/2012,1660.5,30.66,3.441,112.65,81.71,1.5786,19552.91,8983.78,1
8/29/2012,1660,30.73,3.462,112.54,81.56,1.5833,19788.51,9069.81,0
8/28/2012,1668,30.81,3.47,112.58,81.38,1.5818,19811.8,9033.29,1
8/24/2012,1667,30.37,3.488,113.59,81.6,1.5812,19880.03,9070.76,0
8/23/2012,1665.25,30.32,3.496,115.01,81.36,1.5859,20132.24,9178.12,0
8/22/2012,1642,29.33,3.46,114.91,81.5,1.5881,19887.78,9131.74,0
8/21/2012,1639.5,28.92,3.457,114.64,81.92,1.5784,20100.09,9156.92,0
8/20/2012,1615,28.1,3.373,113.7,82.5,1.5711,20104.27,9171.16,0
8/17/2012,1614.75,28.2,3.422,113.71,82.66,1.57,20116.07,9162.5,0
8/16/2012,1604.5,27.84,3.386,116.9,82.42,1.5734,19962.95,9092.76,0
8/15/2012,1601.75,27.64,3.352,116.25,82.71,1.5684,20052.29,8925.04,0
8/14/2012,1597.75,27.84,3.36,114.03,82.53,1.5677,20291.68,8929.88,0
8/13/2012,1622.5,28.05,3.358,113.6,82.49,1.5684,20081.36,8885.15,1
8/10/2012,1618.5,27.88,3.409,112.95,82.63,1.5691,20136.12,8891.44,0
8/9/2012,1615,28.02,3.437,113.22,82.71,1.5639,20269.47,8978.6,0
8/8/2012,1613.25,27.84,3.428,112.14,82.44,1.5655,20065.52,8881.16,0
8/7/2012,1611,28,3.445,112,82.25,1.5621,20072.55,8803.31,0
8/6/2012,1610,27.72,3.393,109.55,82.3,1.5603,19998.72,8726.29,0
8/3/2012,1602,27.25,3.371,108.94,82.45,1.5643,19666.18,8555.11,0
8/2/2012,1597,27.42,3.292,105.9,83.45,1.5514,19690.2,8653.18,0
8/1/2012,1599,27.87,3.377,105.96,83.18,1.5536,19820.38,8641.85,1
7/31/2012,1622,28.2,3.42,104.92,82.71,1.5677,19796.81,8695.06,1
7/30/2012,1617.75,27.64,3.415,106.2,82.87,1.5711,19585.4,8635.44,0
7/27/2012,1618.25,27.73,3.426,106.47,82.77,1.5749,19274.96,8566.64,1
7/26/2012,1618,27.81,3.394,105.26,82.86,1.5687,18892.79,8443.1,0
7/25/2012,1601,27.11,3.375,104.38,83.64,1.5497,18877.33,8365.9,0
7/24/2012,1583.25,26.93,3.353,103.42,84.14,1.5506,18903.2,8488.09,0
7/23/2012,1572.25,26.95,3.381,103.26,83.81,1.5507,19053.47,8508.32,0
7/20/2012,1576.25,27.07,3.449,106.83,83.57,1.5621,19640.8,8669.87,1
7/19/2012,1584,27.45,3.534,107.8,82.98,1.5724,19559.05,8795.55,1
7/18/2012,1575.25,27.03,3.473,105.16,83.2,1.5654,19239.88,8726.74,0
7/17/2012,1585.25,27.42,3.453,104,83.17,1.5655,19455.33,8755,1
7/16/2012,1589.75,27.05,3.481,103.55,83.22,1.5636,19121.34,,1
7/13/2012,1595.5,27.48,3.501,102.4,83.47,1.5575,19092.63,8724.12,1
7/12/2012,1556.25,26.67,3.412,101.07,83.81,1.5425,19025.11,8720.01,0
7/11/2012,1577,27.11,3.443,100.23,83.73,1.5503,19419.87,8851,1
7/10/2012,1595.25,27.57,3.393,97.97,83.56,1.5516,19396.36,8857.73,1
7/9/2012,1585,27.24,3.426,100.32,83.35,1.5528,19428.09,8896.88,0
7/6/2012,1587,27.32,3.405,98.19,83.56,1.549,19800.64,9020.75,1
7/5/2012,1604,28.33,3.488,100.7,82.94,1.5526,19809.13,9079.8,1
7/4/2012,1613.5,28.11,3.5,99.77,81.87,1.5595,19709.75,9104.17,1
7/3/2012,1617.5,27.92,3.534,100.68,81.87,1.5688,19735.53,9066.59,1
7/2/2012,1592,27.36,3.465,97.34,82.01,1.5696,19441.46,9003.48,0
6/29/2012,1598.5,27.08,3.49,97.8,81.75,1.5709,19025.27,9006.78,1
6/28/2012,1558.5,26.81,3.326,91.36,83.01,1.5512,19176.95,8874.11,0
6/27/2012,1573.5,26.835,3.346,93.5,82.81,1.557,18981.84,8730.49,1
6/26/2012,1576,27.44,3.316,93.02,82.54,1.5639,18897.45,8663.99,1
6/25/2012,1570,26.72,3.314,91.01,82.66,1.5573,18995.13,8734.62,0
6/22/2012,1565.5,26.81,3.305,90.98,82.44,1.559,19265.07,8798.35,0
6/21/2012,1582,27.88,3.295,89.23,82.49,1.559,19518.85,8824.07,1
6/20/2012,1601,28.31,3.386,92.69,81.73,1.5717,19416.67,8752.31,1
6/19/2012,1625.5,28.81,3.433,95.76,81.59,1.5725,19427.81,8655.87,1
6/18/2012,1615.5,28.43,3.396,96.05,81.85,1.567,19233.94,8721.02,0
6/15/2012,1627.25,28.66,3.385,97.61,81.61,1.5717,18808.4,8569.32,1
6/14/2012,1613.5,28.88,3.354,97.03,81.99,1.5555,19026.52,8568.89,0
6/13/2012,1619.5,28.87,3.34,97.13,82.06,1.551,18872.56,8587.84,1
6/12/2012,1603.5,28.54,3.334,97.14,82.45,1.5576,18953.63,8536.72,0
6/11/2012,1584,28.63,3.345,98,82.55,1.548,18502.34,8624.9,0
6/8/2012,1576.5,28.17,3.284,99.47,82.56,1.5474,18678.29,8459.26,0
6/7/2012,1606,29.28,3.369,99.93,82.11,1.5529,18520.53,8639.72,1
6/6/2012,1635,29.36,3.379,100.64,82.38,1.5492,18259.03,8533.53,1
6/1/2012,1606,27.38,3.31,98.43,82.97,1.5363,18185.59,8440.25,0
5/31/2012,1558,28.1,3.362,101.87,83.13,1.5405,18558.34,8542.73,0
5/30/2012,1540,27.68,3.386,103.47,83.09,1.5481,18629.52,8633.19,0
5/29/2012,1579.5,28.25,3.463,106.68,82.58,1.5641,18690.22,8657.08,1
5/28/2012,1574.6,28.52,3.473,107.11,82.52,1.5682,19055.46,8593.15,0
5/25/2012,1569.5,28.24,3.448,106.83,82.52,1.5661,18800.99,8580.39,0
5/24/2012,1568.5,28.08,3.429,106.55,82.49,1.5672,18713.41,8563.38,0
5/23/2012,1549,27.76,3.398,105.56,82.23,1.5688,18666.4,8556.6,0
5/22/2012,1582.5,28.07,3.487,108.41,81.65,1.5763,18786.19,8729.29,1
5/21/2012,1592.5,28.39,3.504,108.81,81.23,1.583,19039.15,8633.89,1
5/18/2012,1589.5,28.48,3.47,107.14,81.42,1.5817,18922.32,8611.31,0
5/17/2012,1554,27.48,3.479,107.49,81.54,1.5796,18951.85,8876.59,0
5/16/2012,1548.5,27.25,3.485,111.71,81.52,1.5913,19200.93,8801.17,0
5/15/2012,1556.5,28.28,3.522,112.24,81.38,1.5996,19259.83,8900.74,1
5/14/2012,1558.5,28.33,3.557,111.57,80.75,1.6093,19894.31,8973.84,1
5/11/2012,1583,28.58,3.648,112.26,80.4,1.6073,19735.04,8953.31,1
5/10/2012,1598.5,29.25,3.692,112.73,80.26,1.6145,19964.63,9009.65,1
5/9/2012,1582.5,28.77,3.67,113.2,80.23,1.6133,20227.28,9045.06,0
5/8/2012,1602.5,29.58,3.686,112.73,79.85,1.6158,20330.64,9181.65,1
5/4/2012,1643.75,29.9,3.724,113.18,79.59,1.6156,20484.75,,1
5/3/2012,1637.75,30.36,3.733,116.08,79.29,1.6182,20536.65,,0
5/2/2012,1648,30.52,3.785,118.2,79.2,1.6201,21086,,1
5/1/2012,1664,30.78,3.84,119.66,78.94,1.622,21249.53,9350.95,1
4/30/2012,1651.25,31.2,3.833,119.47,78.85,1.6233,21309.08,,0
4/27/2012,1663.5,31.14,3.82,119.83,78.76,1.6267,21094.21,9520.89,1
4/26/2012,1653.5,30.7,3.768,119.92,79,1.6176,20741.45,9561.83,0
4/25/2012,1637.75,30.88,3.7,119.12,79.11,1.6168,20809.71,9561.01,0
4/24/2012,1649.5,30.86,3.671,118.16,79.33,1.614,20646.29,9468.04,1
4/23/2012,1629,31.16,3.623,118.71,79.54,1.6128,20677.16,9542.17,0
4/20/2012,1641.5,31.79,3.696,118.76,79.31,1.6126,20624.39,9561.36,1
4/19/2012,1650,31.47,3.627,118,79.71,1.6054,21010.64,9588.38,1
4/18/2012,1644,31.61,3.628,117.97,79.67,1.6022,20995.01,9667.26,0
4/17/2012,1635.5,31.64,3.644,118.78,79.63,1.592,20780.73,9464.71,0
4/16/2012,1653,31.32,3.624,118.68,79.73,1.5899,20562.31,9470.64,1
4/13/2012,1666.5,32.365,3.623,121.83,80.06,1.5848,20610.64,9637.99,1
4/12/2012,1668.5,31.47,3.716,121.71,79.45,1.5958,20701.04,9524.79,1
4/11/2012,1658,31.7,3.636,120.18,79.99,1.5923,20327.32,9458.74,0
4/10/2012,1644,31.55,3.646,119.88,80.1,1.5854,20140.67,9538.02,0
4/5/2012,1631,31.27,3.792,123.43,80.29,1.5829,20356.24,9767.61,0
4/4/2012,1621,31.98,3.785,122.34,79.95,1.5903,20593,9819.99,0
4/3/2012,1676.25,32.97,3.916,124.86,79.64,1.5905,20790.98,10050.39,1
4/2/2012,1677.5,32.42,3.918,125.43,78.96,1.6036,20555.58,10109.87,1
3/30/2012,1662.5,32.43,3.824,122.88,79.14,1.6008,20609.39,10083.56,0
3/29/2012,1657.5,31.79,3.794,122.39,79.36,1.5958,20885.42,10114.79,0
3/28/2012,1676,32.43,3.787,124.16,79.3,1.5892,21046.91,10182.57,1
3/27/2012,1692,33.01,3.879,125.54,79.22,1.5953,20668.86,10255.15,1
3/26/2012,1680.25,32.23,3.885,125.65,79.18,1.596,20668.8,10018.24,0
3/23/2012,1664,31.54,3.809,125.13,79.58,1.587,20901.56,10011.47,0
3/22/2012,1635.5,31.79,3.768,123.14,80,1.5823,20856.63,10127.08,0
3/21/2012,1649.25,31.97,3.849,124.2,79.9,1.5874,20888.24,10086.49,1
3/20/2012,1656.75,32.22,3.828,124.12,79.83,1.5863,21115.29,,1
3/19/2012,1661.5,32.44,3.906,125.71,79.71,1.5886,21317.85,10141.99,1
3/16/2012,1658,32.27,3.874,125.81,79.73,1.5844,21353.53,10129.83,0
3/15/2012,1648,32.36,3.892,123.55,80.14,1.5703,21307.89,10123.28,0
3/14/2012,1644.25,32.84,3.842,124.97,80.54,1.5651,21339.7,10050.52,0
3/13/2012,1690,33.58,3.897,126.22,80.21,1.5704,21134.18,9899.08,1
3/12/2012,1697.5,33.77,3.832,125.34,79.91,1.5651,21086,9889.86,1
3/9/2012,1687.5,33.87,3.853,125.98,80.08,1.5674,20900.73,9929.74,0
3/8/2012,1690,34.09,3.786,125.44,79.18,1.5822,20627.78,9768.96,1
3/7/2012,1677.5,33.17,3.76,124.12,79.76,1.5732,20806.25,9576.06,0
3/6/2012,1669,33.22,3.731,121.98,79.93,1.572,21265.31,9637.63,0
3/5/2012,1705,34.18,3.853,123.8,79.36,1.5874,21562.26,9698.59,1
3/2/2012,1707,35.21,3.896,123.65,79.46,1.5834,21387.96,9777.03,1
3/1/2012,1714,34.56,3.925,126.2,78.83,1.596,,9707.37,1
